,bind_id,order_id,client_id,symbol,exchange,action,position,feature,expire,delay,target_price,operator,condition_expire,price,amount,current_timestamp,send_timestamp,receive_timestamp,status,last_timestamp,local_timestamp,execute_price
0,21341428-671e-4e80-b384-82fc5da660cc,7187645b-cb06-4d4e-a295-0bca5f85cdad,,btc_usdt|binance_future,binance_future,open,long,,,,,,,,,1728272820,1728272820,1728272820.015,filled,1728272820.01,1728272820.015,63476.9
1,21341428-671e-4e80-b384-82fc5da660cc,edeb7533-f1fa-4a88-9e99-2c5a69e998e7,,btc_usdt|binance_future,binance_future,open,short,,,,,,,,,1728273480,1728273480,1728273480.015,filled,1728273480.01,1728273480.015,63487.9
2,4fc1cbc4-e5fd-4353-94ba-e82013681934,411f98a7-68a3-4579-af7e-bc28ce5de424,,btc_usdt|binance_future,binance_future,open,long,,,,,,,,,1728273660,1728273660,1728273660.015,filled,1728273660.01,1728273660.015,63528.0
3,4fc1cbc4-e5fd-4353-94ba-e82013681934,40d03b25-5bad-4934-a182-de7b18ab740b,,btc_usdt|binance_future,binance_future,open,short,,,,,,,,,1728275100,1728275100,1728275100.015,filled,1728275100.01,1728275100.015,63581.6
4,eee0aecf-d3c8-4366-999e-01abe90f0798,9674ebef-92bc-43b1-a3e4-6b244918041e,,btc_usdt|binance_future,binance_future,open,long,,,,,,,,,1728275580,1728275580,1728275580.015,filled,1728275580.01,1728275580.015,63590.6
5,eee0aecf-d3c8-4366-999e-01abe90f0798,0f34be01-23bd-475a-b202-7194b573da1e,,btc_usdt|binance_future,binance_future,open,short,,,,,,,,,1728275640,1728275640,1728275640.015,filled,1728275640.01,1728275640.015,63575.2
6,a3801f53-09a9-41a4-807f-4a7fd8e40240,1607d7f4-fd97-4abe-825a-7f34a354ec9b,,btc_usdt|binance_future,binance_future,open,long,,,,,,,,,1728277620,1728277620,1728277620.015,filled,1728277620.01,1728277620.015,63554.2
7,a3801f53-09a9-41a4-807f-4a7fd8e40240,1d5b1451-7163-40ad-8cda-9c9ce2f2f853,,btc_usdt|binance_future,binance_future,open,short,,,,,,,,,1728278520,1728278520,1728278520.015,filled,1728278520.01,1728278520.015,63500.0
8,47a8a137-5097-4b74-a9ff-7d828ca0f354,beaf30ab-65a7-4a7b-88f9-566e357dfa2f,,btc_usdt|binance_future,binance_future,open,long,,,,,,,,,1728281220,1728281220,1728281220.015,filled,1728281220.01,1728281220.015,63412.6
9,47a8a137-5097-4b74-a9ff-7d828ca0f354,c878a2d4-c72f-463f-9ab7-15f222bff71a,,btc_usdt|binance_future,binance_future,open,short,,,,,,,,,1728282780,1728282780,1728282780.015,filled,1728282780.01,1728282780.015,63526.9
10,fa622170-ad32-49d5-99d4-bc6957a572b6,c7835136-db36-4eee-9b92-819928a9a036,,btc_usdt|binance_future,binance_future,open,long,,,,,,,,,1728282900,1728282900,1728282900.015,filled,1728282900.01,1728282900.015,63601.1
11,fa622170-ad32-49d5-99d4-bc6957a572b6,b837b490-ca2e-42dc-afc2-ca50c3f37821,,btc_usdt|binance_future,binance_future,open,short,,,,,,,,,1728284820,1728284820,1728284820.015,filled,1728284820.01,1728284820.015,63674.9
12,cc2f779e-0347-433a-88ca-d849406343ca,8a8b5354-200a-4425-9bb9-176eac4c4afc,,btc_usdt|binance_future,binance_future,open,long,,,,,,,,,1728286440,1728286440,1728286440.015,filled,1728286440.01,1728286440.015,63542.0
13,cc2f779e-0347-433a-88ca-d849406343ca,45fb8eec-e9b8-4a49-a001-97bd807b6045,,btc_usdt|binance_future,binance_future,open,short,,,,,,,,,1728286740,1728286740,1728286740.015,filled,1728286740.01,1728286740.015,63469.9
14,d211d665-7d40-492a-850e-39388244c483,58be9185-d94b-44c3-bf95-1075c50b3775,,btc_usdt|binance_future,binance_future,open,long,,,,,,,,,1728287460,1728287460,1728287460.015,filled,1728287460.01,1728287460.015,63470.2
15,d211d665-7d40-492a-850e-39388244c483,f2c99f65-e8b6-45b6-8069-de8502831e7b,,btc_usdt|binance_future,binance_future,open,short,,,,,,,,,1728288960,1728288960,1728288960.015,filled,1728288960.01,1728288960.015,63559.5
16,becbc719-5dd7-4ed2-8f9b-cbe37d2f29dd,adf78a55-e542-4c9d-a9bb-943ae9aefb4f,,btc_usdt|binance_future,binance_future,open,long,,,,,,,,,1728289140,1728289140,1728289140.015,filled,1728289140.01,1728289140.015,63643.0
17,becbc719-5dd7-4ed2-8f9b-cbe37d2f29dd,d5c0fa97-add9-4698-a143-910d60ff0e66,,btc_usdt|binance_future,binance_future,open,short,,,,,,,,,1728289440,1728289440,1728289440.015,filled,1728289440.01,1728289440.015,63538.4
18,25dd8cec-c6d3-4357-9f4e-0e10d5f5752a,c9ca73ab-ddcf-4f57-8322-ae6d7dcaa5f9,,btc_usdt|binance_future,binance_future,open,long,,,,,,,,,1728289860,1728289860,1728289860.015,filled,1728289860.01,1728289860.015,63609.2
19,25dd8cec-c6d3-4357-9f4e-0e10d5f5752a,68885c6c-f492-41cc-92a3-10433a7f3bef,,btc_usdt|binance_future,binance_future,open,short,,,,,,,,,1728290460,1728290460,1728290460.015,filled,1728290460.01,1728290460.015,63566.7
20,da19595f-dca4-45e2-9823-a94c905f23d4,2e78befb-3454-4797-b22c-72f0d265c0c2,,btc_usdt|binance_future,binance_future,open,long,,,,,,,,,1728291300,1728291300,1728291300.015,filled,1728291300.01,1728291300.015,63565.1
21,da19595f-dca4-45e2-9823-a94c905f23d4,fca5df29-9d6a-4db9-8795-99ccb03d7412,,btc_usdt|binance_future,binance_future,open,short,,,,,,,,,1728291600,1728291600,1728291600.015,filled,1728291600.01,1728291600.015,63520.2
22,72d33a1b-4b4e-4b09-a80e-e4454a253b93,d63fcab2-63e9-46d6-a270-bf25b6eef1ef,,btc_usdt|binance_future,binance_future,open,long,,,,,,,,,1728293760,1728293760,1728293760.015,filled,1728293760.01,1728293760.015,63126.7
23,72d33a1b-4b4e-4b09-a80e-e4454a253b93,e5f9074e-4f53-43ab-b2e6-0b37e075d01d,,btc_usdt|binance_future,binance_future,open,short,,,,,,,,,1728293880,1728293880,1728293880.015,filled,1728293880.01,1728293880.015,63145.7
24,6673fe84-bb94-4ea6-8540-c2121040909c,676ba743-544e-4603-8a4e-b94b7e34705b,,btc_usdt|binance_future,binance_future,open,long,,,,,,,,,1728294300,1728294300,1728294300.015,filled,1728294300.01,1728294300.015,63187.8
25,6673fe84-bb94-4ea6-8540-c2121040909c,284bfb42-0c0c-426f-a522-addb86cfe341,,btc_usdt|binance_future,binance_future,open,short,,,,,,,,,1728294780,1728294780,1728294780.015,filled,1728294780.01,1728294780.015,63179.1
26,5d656e63-35d4-4f3f-88ed-07a6bd0c95ea,a7e011ab-1e84-4d2b-af11-6471ba4bac3a,,btc_usdt|binance_future,binance_future,open,long,,,,,,,,,1728294960,1728294960,1728294960.015,filled,1728294960.01,1728294960.015,63199.1
27,5d656e63-35d4-4f3f-88ed-07a6bd0c95ea,f6d90b24-89bb-4fad-b58f-871d9ff72774,,btc_usdt|binance_future,binance_future,open,short,,,,,,,,,1728295380,1728295380,1728295380.015,filled,1728295380.01,1728295380.015,63132.9
28,10d9a628-3653-4e14-86b6-5b4013180352,d18add91-1da1-4c79-8701-6677dd5a434d,,btc_usdt|binance_future,binance_future,open,long,,,,,,,,,1728297420,1728297420,1728297420.015,filled,1728297420.01,1728297420.015,62967.6
29,10d9a628-3653-4e14-86b6-5b4013180352,1cf4d53e-a2a1-4686-af71-0662e06f5615,,btc_usdt|binance_future,binance_future,open,short,,,,,,,,,1728297720,1728297720,1728297720.015,filled,1728297720.01,1728297720.015,62946.1
30,5345367e-0af1-4460-8546-af12138f72f8,6e9c4a4b-bd9a-4fe5-a9e4-1d97a8365d1c,,btc_usdt|binance_future,binance_future,open,long,,,,,,,,,1728298440,1728298440,1728298440.015,filled,1728298440.01,1728298440.015,62939.4
31,5345367e-0af1-4460-8546-af12138f72f8,54f7f449-93a6-4f32-8949-e022d0f9fd9c,,btc_usdt|binance_future,binance_future,open,short,,,,,,,,,1728298560,1728298560,1728298560.015,filled,1728298560.01,1728298560.015,62900.0
32,c4078958-e3a1-455c-969b-512903277eee,9a55b693-2b49-4a9a-bf9d-74151ae37d73,,btc_usdt|binance_future,binance_future,open,long,,,,,,,,,1728299640,1728299640,1728299640.015,filled,1728299640.01,1728299640.015,62895.8
33,c4078958-e3a1-455c-969b-512903277eee,3283e995-2890-4352-a329-3c2c0b1de3c3,,btc_usdt|binance_future,binance_future,open,short,,,,,,,,,1728300240,1728300240,1728300240.015,filled,1728300240.01,1728300240.015,62779.9
34,3db7f43a-925b-4756-869c-bdb9cc0c06ea,ff2e140c-7574-4cff-89f8-c9622069fa76,,btc_usdt|binance_future,binance_future,open,long,,,,,,,,,1728301140,1728301140,1728301140.015,filled,1728301140.01,1728301140.015,62841.4
35,3db7f43a-925b-4756-869c-bdb9cc0c06ea,97308e8e-140b-46e3-a879-ee12498f290a,,btc_usdt|binance_future,binance_future,open,short,,,,,,,,,1728301920,1728301920,1728301920.015,filled,1728301920.01,1728301920.015,62827.0
36,71a47d6f-a6e7-432b-800e-464d5c128a14,89978abb-732a-4ca7-8aef-7f44e4cc80b8,,btc_usdt|binance_future,binance_future,open,long,,,,,,,,,1728302280,1728302280,1728302280.015,filled,1728302280.01,1728302280.015,63015.0
37,71a47d6f-a6e7-432b-800e-464d5c128a14,bc44510b-7eed-49dc-b5d2-b2424246712d,,btc_usdt|binance_future,binance_future,open,short,,,,,,,,,1728302880,1728302880,1728302880.015,filled,1728302880.01,1728302880.015,63026.6
38,be862564-0d19-4ade-a06e-0db8a8c9b9cf,8c89870e-c172-4b38-94ba-02e8567266a2,,btc_usdt|binance_future,binance_future,open,long,,,,,,,,,1728303300,1728303300,1728303300.015,filled,1728303300.01,1728303300.015,63012.9
39,be862564-0d19-4ade-a06e-0db8a8c9b9cf,60573024-a854-4d15-8728-8baaf83d539a,,btc_usdt|binance_future,binance_future,open,short,,,,,,,,,1728303720,1728303720,1728303720.015,filled,1728303720.01,1728303720.015,62988.7
40,7a459efd-5654-48b7-8d42-da6f8d1ef191,55b1fc25-705e-417d-b6ad-09f493d37b03,,btc_usdt|binance_future,binance_future,open,long,,,,,,,,,1728304080,1728304080,1728304080.015,filled,1728304080.01,1728304080.015,63035.4
41,7a459efd-5654-48b7-8d42-da6f8d1ef191,cca2830a-ff3a-45ad-955a-6252e17372b6,,btc_usdt|binance_future,binance_future,open,short,,,,,,,,,1728304560,1728304560,1728304560.015,filled,1728304560.01,1728304560.015,62900.0
42,f9ffc52f-abc0-4577-b26c-0afe93192a15,88dd875c-e485-4ce4-98c2-c2b4901a881b,,btc_usdt|binance_future,binance_future,open,long,,,,,,,,,1728305400,1728305400,1728305400.015,filled,1728305400.01,1728305400.015,62942.7
43,f9ffc52f-abc0-4577-b26c-0afe93192a15,de76b472-611f-4289-8516-63fd16ada4ac,,btc_usdt|binance_future,binance_future,open,short,,,,,,,,,1728305640,1728305640,1728305640.015,filled,1728305640.01,1728305640.015,62833.9
44,02a541cf-2ce3-4dfa-9860-df09589919b5,2d4e47a2-6da2-4388-ba59-aade59d7fea8,,btc_usdt|binance_future,binance_future,open,long,,,,,,,,,1728306300,1728306300,1728306300.015,filled,1728306300.01,1728306300.015,62907.6
45,02a541cf-2ce3-4dfa-9860-df09589919b5,93a79286-f0be-4402-b90c-2fb7f135f1ff,,btc_usdt|binance_future,binance_future,open,short,,,,,,,,,1728306960,1728306960,1728306960.015,filled,1728306960.01,1728306960.015,62877.7
46,09ed14e4-50f7-4445-9e65-1c2aa6632fdd,e040b7bc-3728-4d27-9605-ca1e99e435a8,,btc_usdt|binance_future,binance_future,open,long,,,,,,,,,1728307200,1728307200,1728307200.015,filled,1728307200.01,1728307200.015,63024.9
47,09ed14e4-50f7-4445-9e65-1c2aa6632fdd,6115e0f7-fdf8-4af6-af1c-609699108283,,btc_usdt|binance_future,binance_future,open,short,,,,,,,,,1728307980,1728307980,1728307980.015,filled,1728307980.01,1728307980.015,62986.0
48,27787276-b80b-4369-aee8-0bc0a801ba00,ee7dad28-7899-40af-ab15-73d5f25e21e9,,btc_usdt|binance_future,binance_future,open,long,,,,,,,,,1728308520,1728308520,1728308520.015,filled,1728308520.01,1728308520.015,63187.2
49,27787276-b80b-4369-aee8-0bc0a801ba00,9d6e19e5-f80f-40de-8bc2-4b1b4629e9bf,,btc_usdt|binance_future,binance_future,open,short,,,,,,,,,1728309420,1728309420,1728309420.015,filled,1728309420.01,1728309420.015,63414.2
50,854eb1b4-f164-4018-a320-e9de5fde84d2,a0bdaf4d-2d74-4e18-9014-218e2b7d14e8,,btc_usdt|binance_future,binance_future,open,long,,,,,,,,,1728309600,1728309600,1728309600.015,filled,1728309600.01,1728309600.015,63430.0
51,854eb1b4-f164-4018-a320-e9de5fde84d2,b3b0896d-fd69-40cb-84be-e3dc73289d6a,,btc_usdt|binance_future,binance_future,open,short,,,,,,,,,1728311460,1728311460,1728311460.015,filled,1728311460.01,1728311460.015,64047.4
52,497309f0-dcce-4038-b127-8acbecbbfa98,35e31edf-d9d2-4fcd-963b-6c427bddde4f,,btc_usdt|binance_future,binance_future,open,long,,,,,,,,,1728312000,1728312000,1728312000.015,filled,1728312000.01,1728312000.015,64182.0
53,497309f0-dcce-4038-b127-8acbecbbfa98,238e8806-afed-45ef-8068-c0e60b2a501d,,btc_usdt|binance_future,binance_future,open,short,,,,,,,,,1728312480,1728312480,1728312480.015,filled,1728312480.01,1728312480.015,64015.0
54,bf4a6fbd-0290-4bc7-8cfc-78bf270a08ad,1263ca95-ac5a-41c4-8c6f-59fac371de11,,btc_usdt|binance_future,binance_future,open,long,,,,,,,,,1728313200,1728313200,1728313200.015,filled,1728313200.01,1728313200.015,63955.3
55,bf4a6fbd-0290-4bc7-8cfc-78bf270a08ad,3cb5d462-1c6d-4ffd-bec8-55a392fc55f2,,btc_usdt|binance_future,binance_future,open,short,,,,,,,,,1728313320,1728313320,1728313320.015,filled,1728313320.01,1728313320.015,63886.2
56,190895f0-f033-480f-b0eb-8a20f78a8b60,e6e6c9e2-ba2d-4da8-a225-ce5ecda64367,,btc_usdt|binance_future,binance_future,open,long,,,,,,,,,1728314160,1728314160,1728314160.015,filled,1728314160.01,1728314160.015,63635.2
57,190895f0-f033-480f-b0eb-8a20f78a8b60,b9e69cf4-9265-46ca-9d26-b4877a10a7c7,,btc_usdt|binance_future,binance_future,open,short,,,,,,,,,1728314220,1728314220,1728314220.015,filled,1728314220.01,1728314220.015,63560.8
58,90ff32b6-b1ef-49c1-b401-9fa5b79a8581,09ea26ed-1e68-42f3-9910-db63ff502984,,btc_usdt|binance_future,binance_future,open,long,,,,,,,,,1728314640,1728314640,1728314640.015,filled,1728314640.01,1728314640.015,63650.1
59,90ff32b6-b1ef-49c1-b401-9fa5b79a8581,5e62cea6-1451-4077-8d13-b1b96ef1ff38,,btc_usdt|binance_future,binance_future,open,short,,,,,,,,,1728314820,1728314820,1728314820.015,filled,1728314820.01,1728314820.015,63634.1
60,ddedc74b-db58-4f35-8a7f-0005b98b8688,2415220a-b24f-4498-9d8d-392a50f1b3d4,,btc_usdt|binance_future,binance_future,open,long,,,,,,,,,1728314940,1728314940,1728314940.015,filled,1728314940.01,1728314940.015,63676.6
61,ddedc74b-db58-4f35-8a7f-0005b98b8688,c7cac84f-de36-435b-a711-8a913dabaefa,,btc_usdt|binance_future,binance_future,open,short,,,,,,,,,1728315660,1728315660,1728315660.015,filled,1728315660.01,1728315660.015,63743.5
62,25a00af1-e4e3-4fc5-8402-6c3796c99aa2,41e38f31-8587-4fbd-8979-18bcfe09a9a8,,btc_usdt|binance_future,binance_future,open,long,,,,,,,,,1728316560,1728316560,1728316560.015,filled,1728316560.01,1728316560.015,63618.1
63,25a00af1-e4e3-4fc5-8402-6c3796c99aa2,6c9e4f06-ffda-402d-b0cb-3f4bb2212749,,btc_usdt|binance_future,binance_future,open,short,,,,,,,,,1728316740,1728316740,1728316740.015,filled,1728316740.01,1728316740.015,63644.0
64,33982410-93e2-4f84-8e8d-d42808742d0d,d32ffcd5-3155-4dfc-8187-2e9156a38a6f,,btc_usdt|binance_future,binance_future,open,long,,,,,,,,,1728316980,1728316980,1728316980.015,filled,1728316980.01,1728316980.015,63624.2
65,33982410-93e2-4f84-8e8d-d42808742d0d,9693b139-b42b-46ae-aa8f-863fd3ace2d9,,btc_usdt|binance_future,binance_future,open,short,,,,,,,,,1728317580,1728317580,1728317580.015,filled,1728317580.01,1728317580.015,63445.2
66,a3bb94d5-c208-4f75-bbe8-8a63b3a8db47,e28e3926-98ac-446b-9ba3-9a952ad677ad,,btc_usdt|binance_future,binance_future,open,long,,,,,,,,,1728318000,1728318000,1728318000.015,filled,1728318000.01,1728318000.015,63671.6
67,a3bb94d5-c208-4f75-bbe8-8a63b3a8db47,cb952980-7dae-449b-a3f6-869ce59f7cf0,,btc_usdt|binance_future,binance_future,open,short,,,,,,,,,1728318660,1728318660,1728318660.015,filled,1728318660.01,1728318660.015,63605.9
68,5784539e-6b22-4270-a1ca-199c90584799,a0fe2cb5-ef65-4ee1-9995-32d6169bbdf8,,btc_usdt|binance_future,binance_future,open,long,,,,,,,,,1728319020,1728319020,1728319020.015,filled,1728319020.01,1728319020.015,63737.1
69,5784539e-6b22-4270-a1ca-199c90584799,41855402-8834-4e5a-81fd-4d7aa90389b3,,btc_usdt|binance_future,binance_future,open,short,,,,,,,,,1728320460,1728320460,1728320460.015,filled,1728320460.01,1728320460.015,63814.9
70,77fd6cef-264c-487d-8c8c-a9a465026b66,addaccbb-355c-4a28-a3b8-cfd73ccd289d,,btc_usdt|binance_future,binance_future,open,long,,,,,,,,,1728320580,1728320580,1728320580.015,filled,1728320580.01,1728320580.015,63858.7
71,77fd6cef-264c-487d-8c8c-a9a465026b66,7153b5ae-f1c3-4654-9c93-95eb41b6b7f9,,btc_usdt|binance_future,binance_future,open,short,,,,,,,,,1728321000,1728321000,1728321000.015,filled,1728321000.01,1728321000.015,63747.4
72,b31a0e91-b3cc-43c7-8941-98d030d12e02,4eb442f3-ca47-4289-9605-daf2cdc4b83f,,btc_usdt|binance_future,binance_future,open,long,,,,,,,,,1728321780,1728321780,1728321780.015,filled,1728321780.01,1728321780.015,63686.5
73,b31a0e91-b3cc-43c7-8941-98d030d12e02,597677bb-1911-476b-bd85-da5bd6157396,,btc_usdt|binance_future,binance_future,open,short,,,,,,,,,1728322020,1728322020,1728322020.015,filled,1728322020.01,1728322020.015,63711.9
74,06d010ba-7fff-4b52-9129-a0ac0eea8658,4766af9b-f2c4-483b-9141-cda0d1209bba,,btc_usdt|binance_future,binance_future,open,long,,,,,,,,,1728322800,1728322800,1728322800.015,filled,1728322800.01,1728322800.015,63660.9
75,06d010ba-7fff-4b52-9129-a0ac0eea8658,f3c0ac8e-3b14-489c-b58e-11c263a95766,,btc_usdt|binance_future,binance_future,open,short,,,,,,,,,1728324420,1728324420,1728324420.015,filled,1728324420.01,1728324420.015,63689.6
76,d664e2d9-97c9-4217-a316-fe3f9f578f9c,a6297b7b-dbd2-4a28-b474-08b17421c638,,btc_usdt|binance_future,binance_future,open,long,,,,,,,,,1728325620,1728325620,1728325620.015,filled,1728325620.01,1728325620.015,63477.2
77,d664e2d9-97c9-4217-a316-fe3f9f578f9c,088c5344-7e74-4ee3-bcc7-5f37d8a9524e,,btc_usdt|binance_future,binance_future,open,short,,,,,,,,,1728326040,1728326040,1728326040.015,filled,1728326040.01,1728326040.015,63317.1
78,11c37cb0-a258-4d49-a457-bd2f636ef06f,b65df821-b450-46aa-b5cd-e1081378d569,,btc_usdt|binance_future,binance_future,open,long,,,,,,,,,1728327660,1728327660,1728327660.015,filled,1728327660.01,1728327660.015,62843.3
79,11c37cb0-a258-4d49-a457-bd2f636ef06f,3f9554c1-5388-4ab6-8f25-5ae6cf5cae97,,btc_usdt|binance_future,binance_future,open,short,,,,,,,,,1728329100,1728329100,1728329100.015,filled,1728329100.01,1728329100.015,63240.5
80,33809c39-5381-45ba-8788-4b343d5e29ea,c1669d5f-b3b4-4640-bda4-d09d132fcac6,,btc_usdt|binance_future,binance_future,open,long,,,,,,,,,1728329760,1728329760,1728329760.015,filled,1728329760.01,1728329760.015,63240.1
81,33809c39-5381-45ba-8788-4b343d5e29ea,d3ef0e69-2754-4d11-ac82-b47550925fbe,,btc_usdt|binance_future,binance_future,open,short,,,,,,,,,1728330300,1728330300,1728330300.015,filled,1728330300.01,1728330300.015,63201.3
82,c5bc1700-d4c3-4742-a079-c642e1b3f7f8,7ed226c0-5c10-4628-8c76-656e931e6d87,,btc_usdt|binance_future,binance_future,open,long,,,,,,,,,1728330540,1728330540,1728330540.015,filled,1728330540.01,1728330540.015,63295.9
83,c5bc1700-d4c3-4742-a079-c642e1b3f7f8,35b23ea2-46c9-45c3-bdcb-ddca5ea5b739,,btc_usdt|binance_future,binance_future,open,short,,,,,,,,,1728331200,1728331200,1728331200.015,filled,1728331200.01,1728331200.015,63349.4
84,2e978bde-6f8f-43b4-a035-14ebbfc64d09,30aa05e4-f6b4-4faf-8b8e-bd1b10e1753c,,btc_usdt|binance_future,binance_future,open,long,,,,,,,,,1728332880,1728332880,1728332880.015,filled,1728332880.01,1728332880.015,63154.0
85,2e978bde-6f8f-43b4-a035-14ebbfc64d09,4956db2f-776d-4d97-9e65-dd7ca8f03a5b,,btc_usdt|binance_future,binance_future,open,short,,,,,,,,,1728333120,1728333120,1728333120.015,filled,1728333120.01,1728333120.015,63121.9
86,949600f7-dbd9-4b5d-a8f6-ea9603090011,e1121eba-9787-4840-9459-4b25d92e5981,,btc_usdt|binance_future,binance_future,open,long,,,,,,,,,1728333720,1728333720,1728333720.015,filled,1728333720.01,1728333720.015,63126.2
87,949600f7-dbd9-4b5d-a8f6-ea9603090011,5cbe7df2-290b-412c-b20d-2801ed4e0ad0,,btc_usdt|binance_future,binance_future,open,short,,,,,,,,,1728333780,1728333780,1728333780.015,filled,1728333780.01,1728333780.015,63117.3
88,c98d6e70-3e30-41f2-b3cd-fabf650ee8ee,10dab572-2b07-4f1f-9440-ca83c2c823a7,,btc_usdt|binance_future,binance_future,open,long,,,,,,,,,1728335100,1728335100,1728335100.015,filled,1728335100.01,1728335100.015,63094.6
89,c98d6e70-3e30-41f2-b3cd-fabf650ee8ee,0d50c98d-0ed3-4d47-b588-298ca2a55b9f,,btc_usdt|binance_future,binance_future,open,short,,,,,,,,,1728336000,1728336000,1728336000.015,filled,1728336000.01,1728336000.015,63113.6
90,e231e40a-7b5a-4c21-b6b9-657da8f28f84,5d56c922-5a4c-4ccf-9c66-62c966999fc5,,btc_usdt|binance_future,binance_future,open,long,,,,,,,,,1728336480,1728336480,1728336480.015,filled,1728336480.01,1728336480.015,63172.9
91,e231e40a-7b5a-4c21-b6b9-657da8f28f84,5947589e-5541-47f1-b2bb-5a24d8dad7b9,,btc_usdt|binance_future,binance_future,open,short,,,,,,,,,1728337560,1728337560,1728337560.015,filled,1728337560.01,1728337560.015,63276.8
92,3180944d-71f3-4b71-bbde-a69542d22a10,be330694-b9e1-439a-9b04-843e2b7bd7a9,,btc_usdt|binance_future,binance_future,open,long,,,,,,,,,1728338040,1728338040,1728338040.015,filled,1728338040.01,1728338040.015,63330.7
93,3180944d-71f3-4b71-bbde-a69542d22a10,a4006c33-7492-4df3-afe5-6d0802d40788,,btc_usdt|binance_future,binance_future,open,short,,,,,,,,,1728338640,1728338640,1728338640.015,filled,1728338640.01,1728338640.015,63252.4
94,2a2db11d-d396-4297-82e8-d6b3ed318ea4,1eeb5382-3abc-4e1c-b4d8-7fb0a6106be9,,btc_usdt|binance_future,binance_future,open,long,,,,,,,,,1728339480,1728339480,1728339480.015,filled,1728339480.01,1728339480.015,63294.1
95,2a2db11d-d396-4297-82e8-d6b3ed318ea4,d6471db6-5b78-4ccf-b467-6538fa5a0eb9,,btc_usdt|binance_future,binance_future,open,short,,,,,,,,,1728339780,1728339780,1728339780.015,filled,1728339780.01,1728339780.015,63211.9
96,373dca00-7d70-4e26-aa8e-38a0d7cc28db,3f895b19-e531-44ee-a74d-5a3c780f7b69,,btc_usdt|binance_future,binance_future,open,long,,,,,,,,,1728342660,1728342660,1728342660.015,filled,1728342660.01,1728342660.015,62486.0
97,373dca00-7d70-4e26-aa8e-38a0d7cc28db,7a2d3d8a-693d-42f5-9e8c-1db53df6a813,,btc_usdt|binance_future,binance_future,open,short,,,,,,,,,1728343620,1728343620,1728343620.015,filled,1728343620.01,1728343620.015,62550.0
98,d46c5cd6-4958-4c10-beca-3e799db532cf,2db3897b-bd88-418a-94fb-37ed0e11adc5,,btc_usdt|binance_future,binance_future,open,long,,,,,,,,,1728344940,1728344940,1728344940.015,filled,1728344940.01,1728344940.015,62414.8
99,d46c5cd6-4958-4c10-beca-3e799db532cf,36cf1271-53b0-4158-a471-131943ae0922,,btc_usdt|binance_future,binance_future,open,short,,,,,,,,,1728345000,1728345000,1728345000.015,filled,1728345000.01,1728345000.015,62385.0
100,0f20c070-be58-4edb-98a6-bc88c396a6fa,8863cab8-75a0-4027-b6b0-c77f9ec8f74b,,btc_usdt|binance_future,binance_future,open,long,,,,,,,,,1728345960,1728345960,1728345960.015,filled,1728345960.01,1728345960.015,62355.8
101,0f20c070-be58-4edb-98a6-bc88c396a6fa,3a30b372-b591-4684-8815-284560fd6b69,,btc_usdt|binance_future,binance_future,open,short,,,,,,,,,1728346260,1728346260,1728346260.015,filled,1728346260.01,1728346260.015,62271.9
102,1a297b53-3198-42e3-a046-dd628aa87562,3751b2ee-64ac-46b1-945e-9a31608366ef,,btc_usdt|binance_future,binance_future,open,long,,,,,,,,,1728346500,1728346500,1728346500.015,filled,1728346500.01,1728346500.015,62328.3
103,1a297b53-3198-42e3-a046-dd628aa87562,8d8d8435-d8c9-419e-8de9-849f8f4e9305,,btc_usdt|binance_future,binance_future,open,short,,,,,,,,,1728348660,1728348660,1728348660.015,filled,1728348660.01,1728348660.015,62489.9
104,05996bda-d7ec-400c-b049-f29e2029bb28,c5acddb3-74ce-4b73-8f48-dda0fa07f4f2,,btc_usdt|binance_future,binance_future,open,long,,,,,,,,,1728349140,1728349140,1728349140.015,filled,1728349140.01,1728349140.015,62520.0
105,05996bda-d7ec-400c-b049-f29e2029bb28,ceb5821b-7f1f-4d39-969a-ee48f6d2ca5f,,btc_usdt|binance_future,binance_future,open,short,,,,,,,,,1728349560,1728349560,1728349560.015,filled,1728349560.01,1728349560.015,62455.6
106,34400253-729c-4f15-a1c1-a192def4ed12,c70b5d2a-3f36-40bb-a3ba-e7b85767d3b9,,btc_usdt|binance_future,binance_future,open,long,,,,,,,,,1728349800,1728349800,1728349800.015,filled,1728349800.01,1728349800.015,62560.8
107,34400253-729c-4f15-a1c1-a192def4ed12,6dc5c4cb-2fe8-445d-9d92-38288f3ec07e,,btc_usdt|binance_future,binance_future,open,short,,,,,,,,,1728350220,1728350220,1728350220.015,filled,1728350220.01,1728350220.015,62376.0
108,c4ab31e4-3f5b-47d4-bbe5-960632ea1985,2533705b-5c53-4f5c-81a6-c340490a6d19,,btc_usdt|binance_future,binance_future,open,long,,,,,,,,,1728351120,1728351120,1728351120.015,filled,1728351120.01,1728351120.015,62418.1
109,c4ab31e4-3f5b-47d4-bbe5-960632ea1985,1e142f1e-55c6-404c-ad15-84fd0eb44daf,,btc_usdt|binance_future,binance_future,open,short,,,,,,,,,1728352380,1728352380,1728352380.015,filled,1728352380.01,1728352380.015,62564.1
110,95c05ee8-6965-49ef-97e3-572f50c3f258,eeae2e50-9a5e-4e29-91e2-98f907db594e,,btc_usdt|binance_future,binance_future,open,long,,,,,,,,,1728352860,1728352860,1728352860.015,filled,1728352860.01,1728352860.015,62661.5
111,95c05ee8-6965-49ef-97e3-572f50c3f258,d10a4302-083d-4c4b-9000-bf048cc42c0b,,btc_usdt|binance_future,binance_future,open,short,,,,,,,,,1728353520,1728353520,1728353520.015,filled,1728353520.01,1728353520.015,62615.5
112,343bb490-5667-45f7-ae5b-746b37dc83b8,07acdd14-0734-4bb0-9215-9c2e3b21c241,,btc_usdt|binance_future,binance_future,open,long,,,,,,,,,1728354960,1728354960,1728354960.015,filled,1728354960.01,1728354960.015,62455.2
113,343bb490-5667-45f7-ae5b-746b37dc83b8,2b50df01-80a0-45fd-a158-e0bd9b87d466,,btc_usdt|binance_future,binance_future,open,short,,,,,,,,,1728357000,1728357000,1728357000.015,filled,1728357000.01,1728357000.015,62697.4
114,2407a346-fa50-4f2f-ab5d-2e0cca950c78,0d265d23-d945-4a56-b17d-efdd5c77d2d2,,btc_usdt|binance_future,binance_future,open,long,,,,,,,,,1728357960,1728357960,1728357960.015,filled,1728357960.01,1728357960.015,62638.6
115,2407a346-fa50-4f2f-ab5d-2e0cca950c78,bf19bf9d-4dcc-4459-bd7e-07baa648bfcf,,btc_usdt|binance_future,binance_future,open,short,,,,,,,,,1728358200,1728358200,1728358200.015,filled,1728358200.01,1728358200.015,62613.0
116,c6f4a600-9dac-403f-ac97-64f342ff0119,69999d1d-b02a-42a8-ab78-f0b4ab10bb6e,,btc_usdt|binance_future,binance_future,open,long,,,,,,,,,1728358260,1728358260,1728358260.015,filled,1728358260.01,1728358260.015,62620.1
117,c6f4a600-9dac-403f-ac97-64f342ff0119,09e5aeb5-ef21-4a63-ab35-4d3a2e356930,,btc_usdt|binance_future,binance_future,open,short,,,,,,,,,1728358680,1728358680,1728358680.015,filled,1728358680.01,1728358680.015,62618.4
118,0a04da5b-cf62-4ba2-88ae-335760a82168,e9921c0a-8e81-43ed-be17-327cd6aea815,,btc_usdt|binance_future,binance_future,open,long,,,,,,,,,1728359280,1728359280,1728359280.015,filled,1728359280.01,1728359280.015,62597.2
119,0a04da5b-cf62-4ba2-88ae-335760a82168,e64b608a-1949-4553-9965-e63cb5a3a134,,btc_usdt|binance_future,binance_future,open,short,,,,,,,,,1728359400,1728359400,1728359400.015,filled,1728359400.01,1728359400.015,62567.4
120,612d7171-6245-444e-b3c9-d5b46a0c84ca,22f3d7f5-f3bc-49aa-800b-41bf6bf13a92,,btc_usdt|binance_future,binance_future,open,long,,,,,,,,,1728360060,1728360060,1728360060.015,filled,1728360060.01,1728360060.015,62663.5
121,612d7171-6245-444e-b3c9-d5b46a0c84ca,c7cdcdfb-a386-4f53-a419-7fb0808a6754,,btc_usdt|binance_future,binance_future,open,short,,,,,,,,,1728360840,1728360840,1728360840.015,filled,1728360840.01,1728360840.015,62590.5
122,f8d0d524-43f4-45da-9634-0f957d51659b,924e6b35-cb2d-407e-9d76-d7d476a06fb1,,btc_usdt|binance_future,binance_future,open,long,,,,,,,,,1728361140,1728361140,1728361140.015,filled,1728361140.01,1728361140.015,62674.5
123,f8d0d524-43f4-45da-9634-0f957d51659b,3ddce7a1-3821-413f-8637-7695ad10143c,,btc_usdt|binance_future,binance_future,open,short,,,,,,,,,1728362400,1728362400,1728362400.015,filled,1728362400.01,1728362400.015,62650.0
124,b3b5e496-f6b3-4907-9225-f153799d2f4c,32b2ecc6-1069-41a9-9fae-2c34f81abac8,,btc_usdt|binance_future,binance_future,open,long,,,,,,,,,1728363180,1728363180,1728363180.015,filled,1728363180.01,1728363180.015,62616.5
125,b3b5e496-f6b3-4907-9225-f153799d2f4c,66e37a96-d9a3-416c-9c81-6fed22f6ab16,,btc_usdt|binance_future,binance_future,open,short,,,,,,,,,1728364020,1728364020,1728364020.015,filled,1728364020.01,1728364020.015,62596.2
126,4750ddc8-1b3e-4c07-82a3-23b409de9de5,5daaf9ca-8f2e-41d0-9220-d07dec3fec7f,,btc_usdt|binance_future,binance_future,open,long,,,,,,,,,1728364860,1728364860,1728364860.015,filled,1728364860.01,1728364860.015,62550.1
127,4750ddc8-1b3e-4c07-82a3-23b409de9de5,10c15544-b0c4-4b32-98f2-5ed0d89cd9a9,,btc_usdt|binance_future,binance_future,open,short,,,,,,,,,1728365040,1728365040,1728365040.015,filled,1728365040.01,1728365040.015,62472.0
128,97a6602c-4056-4481-ba4a-5f220999d87a,fc182166-916c-4d28-b3d3-672e95e3f76d,,btc_usdt|binance_future,binance_future,open,long,,,,,,,,,1728366060,1728366060,1728366060.015,filled,1728366060.01,1728366060.015,62424.8
129,97a6602c-4056-4481-ba4a-5f220999d87a,27b1b1b1-98dd-4b13-adce-c3cdd45c63da,,btc_usdt|binance_future,binance_future,open,short,,,,,,,,,1728366660,1728366660,1728366660.015,filled,1728366660.01,1728366660.015,62420.2
130,6aedb164-96ad-47b4-98c3-8550af7e42eb,a722e313-e966-4605-b6a4-6ffd61d3fdfc,,btc_usdt|binance_future,binance_future,open,long,,,,,,,,,1728367200,1728367200,1728367200.015,filled,1728367200.01,1728367200.015,62500.1
131,6aedb164-96ad-47b4-98c3-8550af7e42eb,d6e72e12-ad1c-4a64-967e-c96ec9ef42c2,,btc_usdt|binance_future,binance_future,open,short,,,,,,,,,1728367620,1728367620,1728367620.015,filled,1728367620.01,1728367620.015,62368.7
132,56331213-8349-4243-8034-0794d953a517,40fecbe8-8978-41c8-9597-4caa4bb945e1,,btc_usdt|binance_future,binance_future,open,long,,,,,,,,,1728369180,1728369180,1728369180.015,filled,1728369180.01,1728369180.015,62349.0
133,56331213-8349-4243-8034-0794d953a517,13f44f8f-12d6-401e-86f6-b66ee5969e6d,,btc_usdt|binance_future,binance_future,open,short,,,,,,,,,1728371100,1728371100,1728371100.015,filled,1728371100.01,1728371100.015,62427.5
134,25220093-f032-45dd-8584-a9319e631201,a28b775e-aa22-48d1-822f-879ffee97a0b,,btc_usdt|binance_future,binance_future,open,long,,,,,,,,,1728372720,1728372720,1728372720.015,filled,1728372720.01,1728372720.015,62146.1
135,25220093-f032-45dd-8584-a9319e631201,05252622-4830-4f76-a5bc-459c6f80a36f,,btc_usdt|binance_future,binance_future,open,short,,,,,,,,,1728373860,1728373860,1728373860.015,filled,1728373860.01,1728373860.015,62248.3
136,9050fb09-67b1-423c-be8e-bc6d583b742c,db2ffdd9-c7cf-4704-8b58-54202b0cb0e9,,btc_usdt|binance_future,binance_future,open,long,,,,,,,,,1728374040,1728374040,1728374040.015,filled,1728374040.01,1728374040.015,62306.0
137,9050fb09-67b1-423c-be8e-bc6d583b742c,c7ade265-45bf-48cd-9bf0-219d30c2cbb0,,btc_usdt|binance_future,binance_future,open,short,,,,,,,,,1728374520,1728374520,1728374520.015,filled,1728374520.01,1728374520.015,62253.5
138,8ecad55f-2406-4fae-acbe-79e3d7a1309b,630adf8d-4245-44fb-b25b-62124d3665c6,,btc_usdt|binance_future,binance_future,open,long,,,,,,,,,1728375600,1728375600,1728375600.015,filled,1728375600.01,1728375600.015,62305.0
139,8ecad55f-2406-4fae-acbe-79e3d7a1309b,19186785-d40a-4b0c-a1e0-9a8937b2d02b,,btc_usdt|binance_future,binance_future,open,short,,,,,,,,,1728376920,1728376920,1728376920.015,filled,1728376920.01,1728376920.015,62309.9
140,225891d1-76fe-4897-b8e1-a30018653fdb,7d4c00f0-5fdd-4e6a-9d00-4a0fe8e78479,,btc_usdt|binance_future,binance_future,open,long,,,,,,,,,1728377460,1728377460,1728377460.015,filled,1728377460.01,1728377460.015,62322.3
141,225891d1-76fe-4897-b8e1-a30018653fdb,786a7e20-220e-41c2-b132-9d86be0a4fa6,,btc_usdt|binance_future,binance_future,open,short,,,,,,,,,1728378600,1728378600,1728378600.015,filled,1728378600.01,1728378600.015,62353.2
142,e473475b-1270-4208-9ffc-604b6686735a,4a6eb2f7-1d49-4af9-b49f-363da49b53c6,,btc_usdt|binance_future,binance_future,open,long,,,,,,,,,1728379320,1728379320,1728379320.015,filled,1728379320.01,1728379320.015,62350.0
143,e473475b-1270-4208-9ffc-604b6686735a,2a2baddd-457c-4206-8afc-43185795b489,,btc_usdt|binance_future,binance_future,open,short,,,,,,,,,1728380340,1728380340,1728380340.015,filled,1728380340.01,1728380340.015,62409.1
144,9d9c6e71-f6bf-4e3b-b34c-e701a2060dd3,a86b779c-f32f-4ec3-8dc9-46c1392b5fe8,,btc_usdt|binance_future,binance_future,open,long,,,,,,,,,1728381060,1728381060,1728381060.015,filled,1728381060.01,1728381060.015,62483.0
145,9d9c6e71-f6bf-4e3b-b34c-e701a2060dd3,9921996b-20e6-4853-9ad8-dc3143875f2f,,btc_usdt|binance_future,binance_future,open,short,,,,,,,,,1728382020,1728382020,1728382020.015,filled,1728382020.01,1728382020.015,62479.0
146,ca30497b-5cf2-48af-a3da-d7ac1673b50a,bcbd7be9-0d77-4a5d-a493-cd962246e4e8,,btc_usdt|binance_future,binance_future,open,long,,,,,,,,,1728382560,1728382560,1728382560.015,filled,1728382560.01,1728382560.015,62526.4
147,ca30497b-5cf2-48af-a3da-d7ac1673b50a,76f718fe-5d68-425f-924a-0c8764ff42ec,,btc_usdt|binance_future,binance_future,open,short,,,,,,,,,1728382800,1728382800,1728382800.015,filled,1728382800.01,1728382800.015,62479.8
148,46dc853e-422e-411c-b969-e4b5e7f8220d,cbf0c4b6-9df0-4be9-a92b-eedd2769069e,,btc_usdt|binance_future,binance_future,open,long,,,,,,,,,1728384360,1728384360,1728384360.015,filled,1728384360.01,1728384360.015,62482.5
149,46dc853e-422e-411c-b969-e4b5e7f8220d,975b3dd7-d21c-4836-beb9-ef47699c3dd1,,btc_usdt|binance_future,binance_future,open,short,,,,,,,,,1728385140,1728385140,1728385140.015,filled,1728385140.01,1728385140.015,62492.3
150,3ff5023b-9af6-45f3-abac-1fd62eb248a1,6c6be93f-a72a-4bad-aab6-86f8902c4b0c,,btc_usdt|binance_future,binance_future,open,long,,,,,,,,,1728385860,1728385860,1728385860.015,filled,1728385860.01,1728385860.015,62465.2
151,3ff5023b-9af6-45f3-abac-1fd62eb248a1,fa6a426c-ff8a-4c88-8fdd-fcd4f30f7d3a,,btc_usdt|binance_future,binance_future,open,short,,,,,,,,,1728385980,1728385980,1728385980.015,filled,1728385980.01,1728385980.015,62472.6
152,a0e10b82-e306-4659-b1d3-996da1a4ffca,573b30f3-4fb3-4d9f-9941-3bb767de58b3,,btc_usdt|binance_future,binance_future,open,long,,,,,,,,,1728386280,1728386280,1728386280.015,filled,1728386280.01,1728386280.015,62510.0
153,a0e10b82-e306-4659-b1d3-996da1a4ffca,5ed8c2de-9039-48f1-8e8c-257f50eb170f,,btc_usdt|binance_future,binance_future,open,short,,,,,,,,,1728386880,1728386880,1728386880.015,filled,1728386880.01,1728386880.015,62473.4
154,64e1a781-6ba7-4336-b2e7-08e45c960f99,424e6e48-f5c4-4b0b-b728-a303389c9aee,,btc_usdt|binance_future,binance_future,open,long,,,,,,,,,1728387300,1728387300,1728387300.015,filled,1728387300.01,1728387300.015,62524.3
155,64e1a781-6ba7-4336-b2e7-08e45c960f99,b0808aa5-3fa5-4baa-aecb-90531eec37d3,,btc_usdt|binance_future,binance_future,open,short,,,,,,,,,1728388680,1728388680,1728388680.015,filled,1728388680.01,1728388680.015,62599.8
156,4cfb091e-8bfa-4495-8640-f92b0f5e47e6,e130cf1b-8199-424f-a19e-60f77a70b6b3,,btc_usdt|binance_future,binance_future,open,long,,,,,,,,,1728390360,1728390360,1728390360.015,filled,1728390360.01,1728390360.015,62548.5
157,4cfb091e-8bfa-4495-8640-f92b0f5e47e6,84a6c16f-9791-4595-84ef-c62a72841365,,btc_usdt|binance_future,binance_future,open,short,,,,,,,,,1728391200,1728391200,1728391200.015,filled,1728391200.01,1728391200.015,62501.6
158,c0ffe8b5-e75f-416b-96bc-9b252aba62b2,29a0462c-3a16-445a-9383-e7d74c23aebe,,btc_usdt|binance_future,binance_future,open,long,,,,,,,,,1728391920,1728391920,1728391920.015,filled,1728391920.01,1728391920.015,62500.0
159,c0ffe8b5-e75f-416b-96bc-9b252aba62b2,8d7faafa-c890-4eb3-9d3a-11ee16303d81,,btc_usdt|binance_future,binance_future,open,short,,,,,,,,,1728392400,1728392400,1728392400.015,filled,1728392400.01,1728392400.015,62416.4
160,c6dc74dd-ffca-4b9a-bebc-169494121517,389efb25-3325-4a35-9b8b-febe1d049f87,,btc_usdt|binance_future,binance_future,open,long,,,,,,,,,1728393840,1728393840,1728393840.015,filled,1728393840.01,1728393840.015,62493.3
161,c6dc74dd-ffca-4b9a-bebc-169494121517,37afea21-cbef-4256-8277-ae69f756e2e3,,btc_usdt|binance_future,binance_future,open,short,,,,,,,,,1728395340,1728395340,1728395340.015,filled,1728395340.01,1728395340.015,62654.6
162,13e614e0-12c5-43cf-84a5-32f451b9e6db,fdccfaff-68d4-49e8-ac47-50292a9d2ff8,,btc_usdt|binance_future,binance_future,open,long,,,,,,,,,1728395640,1728395640,1728395640.015,filled,1728395640.01,1728395640.015,62800.6
163,13e614e0-12c5-43cf-84a5-32f451b9e6db,96a0739b-341a-46ea-86f8-3c3bdd7d18e9,,btc_usdt|binance_future,binance_future,open,short,,,,,,,,,1728396540,1728396540,1728396540.015,filled,1728396540.01,1728396540.015,62809.6
164,d01acc5f-ff51-4b43-a510-186d58d4cd92,82353ec9-7c9e-42ae-be0e-3931c76401da,,btc_usdt|binance_future,binance_future,open,long,,,,,,,,,1728397500,1728397500,1728397500.015,filled,1728397500.01,1728397500.015,62537.6
165,d01acc5f-ff51-4b43-a510-186d58d4cd92,aec1af9a-6987-4540-ba5e-3201ece9a8af,,btc_usdt|binance_future,binance_future,open,short,,,,,,,,,1728397620,1728397620,1728397620.015,filled,1728397620.01,1728397620.015,62468.1
166,74260418-c4e5-458b-a733-57cec47645d7,71b78148-f96b-4ae5-bcd5-8db239e6f562,,btc_usdt|binance_future,binance_future,open,long,,,,,,,,,1728398400,1728398400,1728398400.015,filled,1728398400.01,1728398400.015,62443.1
167,74260418-c4e5-458b-a733-57cec47645d7,4abd2f65-3a14-4b5c-a7a0-a71e6869f29a,,btc_usdt|binance_future,binance_future,open,short,,,,,,,,,1728400440,1728400440,1728400440.015,filled,1728400440.01,1728400440.015,62725.3
168,14b253ce-f061-4ff6-b253-753c9c26f4cc,ceeb03ad-615b-4bae-8a36-717c838d8997,,btc_usdt|binance_future,binance_future,open,long,,,,,,,,,1728402120,1728402120,1728402120.015,filled,1728402120.01,1728402120.015,62170.3
169,14b253ce-f061-4ff6-b253-753c9c26f4cc,ab9eb569-ec1a-4c15-89ee-097efd3002fb,,btc_usdt|binance_future,binance_future,open,short,,,,,,,,,1728403200,1728403200,1728403200.015,filled,1728403200.01,1728403200.015,62259.8
170,00785720-9d33-48af-a47b-8c93306c8d55,1c6f47f0-4992-4597-a0a0-336c6a0636de,,btc_usdt|binance_future,binance_future,open,long,,,,,,,,,1728404100,1728404100,1728404100.015,filled,1728404100.01,1728404100.015,62211.6
171,00785720-9d33-48af-a47b-8c93306c8d55,edf1781d-f55f-47a3-aa05-84c413e30b4a,,btc_usdt|binance_future,binance_future,open,short,,,,,,,,,1728404640,1728404640,1728404640.015,filled,1728404640.01,1728404640.015,62131.4
172,dbb3a6d5-f49d-4dfc-8fbe-a7fa5a8daddb,d2694922-f3f5-4b40-98fb-e17795bb8477,,btc_usdt|binance_future,binance_future,open,long,,,,,,,,,1728405000,1728405000,1728405000.015,filled,1728405000.01,1728405000.015,62319.4
173,dbb3a6d5-f49d-4dfc-8fbe-a7fa5a8daddb,4058031c-5f08-46bc-bb3e-ddc4c0820fe3,,btc_usdt|binance_future,binance_future,open,short,,,,,,,,,1728406380,1728406380,1728406380.015,filled,1728406380.01,1728406380.015,62412.4
174,e4269cba-ebc4-4fd1-9ab4-c228adda1daf,b506bbed-1d25-4e34-a7ea-ab7c458f5b07,,btc_usdt|binance_future,binance_future,open,long,,,,,,,,,1728406620,1728406620,1728406620.015,filled,1728406620.01,1728406620.015,62482.0
175,e4269cba-ebc4-4fd1-9ab4-c228adda1daf,5d30085a-9bfa-4e24-b6ca-77980c43d4e2,,btc_usdt|binance_future,binance_future,open,short,,,,,,,,,1728407220,1728407220,1728407220.015,filled,1728407220.01,1728407220.015,62443.4
176,3f2a5ae2-4584-4c70-8e40-5fa4b2ccbd53,1d6f44bc-a49e-4453-9179-8b8adf662056,,btc_usdt|binance_future,binance_future,open,long,,,,,,,,,1728408660,1728408660,1728408660.015,filled,1728408660.01,1728408660.015,62203.1
177,3f2a5ae2-4584-4c70-8e40-5fa4b2ccbd53,9888d025-5271-4c6a-8335-f5c1770c3488,,btc_usdt|binance_future,binance_future,open,short,,,,,,,,,1728409260,1728409260,1728409260.015,filled,1728409260.01,1728409260.015,62199.9
178,26cccfed-872f-43cc-9a11-09d2619229b7,ddb152e4-b607-4cfc-9aaa-4e62dc4d8e44,,btc_usdt|binance_future,binance_future,open,long,,,,,,,,,1728410220,1728410220,1728410220.015,filled,1728410220.01,1728410220.015,62223.0
179,26cccfed-872f-43cc-9a11-09d2619229b7,77bad808-c958-46a6-96d8-9470349fdf3d,,btc_usdt|binance_future,binance_future,open,short,,,,,,,,,1728411180,1728411180,1728411180.015,filled,1728411180.01,1728411180.015,62388.6
180,7501688c-b484-4d43-bbf7-968fe3c0e5d2,b5d76f42-affb-495c-a73f-463d1e3e439c,,btc_usdt|binance_future,binance_future,open,long,,,,,,,,,1728411360,1728411360,1728411360.015,filled,1728411360.01,1728411360.015,62388.1
181,7501688c-b484-4d43-bbf7-968fe3c0e5d2,f897f6f1-e41a-45bb-b2a7-cec9d47a5465,,btc_usdt|binance_future,binance_future,open,short,,,,,,,,,1728411420,1728411420,1728411420.015,filled,1728411420.01,1728411420.015,62313.7
182,8c1402a6-0e01-4184-8061-87c028df9981,b38424d2-48da-4825-aba2-7cd759943c1f,,btc_usdt|binance_future,binance_future,open,long,,,,,,,,,1728413760,1728413760,1728413760.015,filled,1728413760.01,1728413760.015,62013.9
183,8c1402a6-0e01-4184-8061-87c028df9981,c817845d-2b25-4a7a-9792-ab41d9294a3e,,btc_usdt|binance_future,binance_future,open,short,,,,,,,,,1728414360,1728414360,1728414360.015,filled,1728414360.01,1728414360.015,61960.1
184,dedb57b7-068d-4bb9-a997-86213b718eb4,f2d2c08b-ae91-4265-9c61-9501472bad00,,btc_usdt|binance_future,binance_future,open,long,,,,,,,,,1728415620,1728415620,1728415620.015,filled,1728415620.01,1728415620.015,61909.1
185,dedb57b7-068d-4bb9-a997-86213b718eb4,5056ab93-1d74-43c9-8e70-dda059d1ba99,,btc_usdt|binance_future,binance_future,open,short,,,,,,,,,1728417180,1728417180,1728417180.015,filled,1728417180.01,1728417180.015,62280.6
186,c7c202db-1972-4a75-9125-3dcb38eea07f,9a1ba7c5-1eb9-4967-8a3e-8abc6e1df18c,,btc_usdt|binance_future,binance_future,open,long,,,,,,,,,1728417420,1728417420,1728417420.015,filled,1728417420.01,1728417420.015,62323.9
187,c7c202db-1972-4a75-9125-3dcb38eea07f,9e9fae5e-1715-4d05-9e18-8e0b66449f92,,btc_usdt|binance_future,binance_future,open,short,,,,,,,,,1728417660,1728417660,1728417660.015,filled,1728417660.01,1728417660.015,62249.3
188,334b9c69-ba26-47e9-9fc0-22f62175f35e,20714411-f123-4e9b-acc7-90583e61325a,,btc_usdt|binance_future,binance_future,open,long,,,,,,,,,1728418200,1728418200,1728418200.015,filled,1728418200.01,1728418200.015,62252.2
189,334b9c69-ba26-47e9-9fc0-22f62175f35e,9b5ed5fb-4a73-4884-aebf-42e51472711d,,btc_usdt|binance_future,binance_future,open,short,,,,,,,,,1728418860,1728418860,1728418860.015,filled,1728418860.01,1728418860.015,62238.9
190,17785ea7-06aa-4b79-957a-e9d8361052f8,1bce90e5-dfc1-45fc-bc3a-c38ba4828bd5,,btc_usdt|binance_future,binance_future,open,long,,,,,,,,,1728419520,1728419520,1728419520.015,filled,1728419520.01,1728419520.015,62303.7
191,17785ea7-06aa-4b79-957a-e9d8361052f8,12beb5ac-fc40-4be1-beeb-bd2b50900d69,,btc_usdt|binance_future,binance_future,open,short,,,,,,,,,1728421080,1728421080,1728421080.015,filled,1728421080.01,1728421080.015,62319.2
192,6d5638b9-5891-48df-8eb3-a23fa0641221,ab4a08be-38a7-4397-ac4b-362c66e88256,,btc_usdt|binance_future,binance_future,open,long,,,,,,,,,1728421380,1728421380,1728421380.015,filled,1728421380.01,1728421380.015,62319.1
193,6d5638b9-5891-48df-8eb3-a23fa0641221,5f744c8d-5209-46c1-a0ae-02cf120553fb,,btc_usdt|binance_future,binance_future,open,short,,,,,,,,,1728421560,1728421560,1728421560.015,filled,1728421560.01,1728421560.015,62294.5
194,da6ae001-f00c-410f-94d4-6d108a0aea5e,b6ad2e01-c192-4f4d-8721-4a207e3bdb84,,btc_usdt|binance_future,binance_future,open,long,,,,,,,,,1728421680,1728421680,1728421680.015,filled,1728421680.01,1728421680.015,62309.1
195,da6ae001-f00c-410f-94d4-6d108a0aea5e,446316e2-6f8a-44ad-9b5c-202b20b4746b,,btc_usdt|binance_future,binance_future,open,short,,,,,,,,,1728421740,1728421740,1728421740.015,filled,1728421740.01,1728421740.015,62302.5
196,ccb1c8b6-d4da-41f8-8a33-e47ebfe57ea1,a88876b4-ffa4-4de3-9f05-6586062a995e,,btc_usdt|binance_future,binance_future,open,long,,,,,,,,,1728422340,1728422340,1728422340.015,filled,1728422340.01,1728422340.015,62335.7
197,ccb1c8b6-d4da-41f8-8a33-e47ebfe57ea1,e9fad28e-d23d-436a-8b33-06660f524a99,,btc_usdt|binance_future,binance_future,open,short,,,,,,,,,1728423300,1728423300,1728423300.015,filled,1728423300.01,1728423300.015,62386.8
198,a2d4078d-9128-482a-9c59-ac88ee2cc7f8,01643373-86cb-4c00-8406-e410760606ad,,btc_usdt|binance_future,binance_future,open,long,,,,,,,,,1728423660,1728423660,1728423660.015,filled,1728423660.01,1728423660.015,62436.9
199,a2d4078d-9128-482a-9c59-ac88ee2cc7f8,0c1e73a6-3220-4870-a294-4ee7ce13d4bd,,btc_usdt|binance_future,binance_future,open,short,,,,,,,,,1728424440,1728424440,1728424440.015,filled,1728424440.01,1728424440.015,62364.3
200,34703ede-c2c3-40c8-b18e-e300ca833d99,acda2d3c-da92-4c25-8c3c-f36d991faa43,,btc_usdt|binance_future,binance_future,open,long,,,,,,,,,1728427500,1728427500,1728427500.015,filled,1728427500.01,1728427500.015,62218.4
201,34703ede-c2c3-40c8-b18e-e300ca833d99,5a65b0eb-4686-47de-a8ca-77f2015c51cb,,btc_usdt|binance_future,binance_future,open,short,,,,,,,,,1728427860,1728427860,1728427860.015,filled,1728427860.01,1728427860.015,62161.4
202,1815865a-86f4-40be-aaa7-0e669eba2abc,bae4241e-7e71-4f33-8f7d-ca803e04f3db,,btc_usdt|binance_future,binance_future,open,long,,,,,,,,,1728428640,1728428640,1728428640.015,filled,1728428640.01,1728428640.015,62152.4
203,1815865a-86f4-40be-aaa7-0e669eba2abc,559fda5b-02d2-410c-be6c-bf82d5f2ba1b,,btc_usdt|binance_future,binance_future,open,short,,,,,,,,,1728428760,1728428760,1728428760.015,filled,1728428760.01,1728428760.015,62091.1
204,d14ba857-2f13-4f43-8854-08e44526d60a,332aced9-283a-40a4-b98e-66d8bb2cac5f,,btc_usdt|binance_future,binance_future,open,long,,,,,,,,,1728430320,1728430320,1728430320.015,filled,1728430320.01,1728430320.015,62107.4
205,d14ba857-2f13-4f43-8854-08e44526d60a,42355ad5-7e89-4045-b4a2-5c085db33d67,,btc_usdt|binance_future,binance_future,open,short,,,,,,,,,1728431820,1728431820,1728431820.015,filled,1728431820.01,1728431820.015,62145.1
206,9d8a95fc-4136-4547-b9b1-e53461ab5fee,11c2c1e8-7b07-46fc-bd10-f87672f86296,,btc_usdt|binance_future,binance_future,open,long,,,,,,,,,1728433020,1728433020,1728433020.015,filled,1728433020.01,1728433020.015,62121.1
207,9d8a95fc-4136-4547-b9b1-e53461ab5fee,3bef5750-80c1-4959-8da0-8d31a1d13a82,,btc_usdt|binance_future,binance_future,open,short,,,,,,,,,1728433560,1728433560,1728433560.015,filled,1728433560.01,1728433560.015,62134.3
208,01052693-894c-4210-81ff-0cf2aa420eb0,46adae7f-199d-42d6-8fcf-e53ee7861c60,,btc_usdt|binance_future,binance_future,open,long,,,,,,,,,1728433680,1728433680,1728433680.015,filled,1728433680.01,1728433680.015,62185.2
209,01052693-894c-4210-81ff-0cf2aa420eb0,c11334ab-b756-4972-a3d5-aab9679fc98a,,btc_usdt|binance_future,binance_future,open,short,,,,,,,,,1728434280,1728434280,1728434280.015,filled,1728434280.01,1728434280.015,62002.5
210,567883ed-d956-4fae-8b3a-7aa0e2870fe2,7379ac23-4159-44e3-9257-a0d901a8dc6f,,btc_usdt|binance_future,binance_future,open,long,,,,,,,,,1728434940,1728434940,1728434940.015,filled,1728434940.01,1728434940.015,62131.5
211,567883ed-d956-4fae-8b3a-7aa0e2870fe2,84b9f790-2b36-478f-a51b-7b71c3df182f,,btc_usdt|binance_future,binance_future,open,short,,,,,,,,,1728438360,1728438360,1728438360.015,filled,1728438360.01,1728438360.015,62386.6
212,d89d744d-a8c0-4943-b5a9-153683f85355,5da76adb-b199-4054-bbbb-f65a910b7700,,btc_usdt|binance_future,binance_future,open,long,,,,,,,,,1728438960,1728438960,1728438960.015,filled,1728438960.01,1728438960.015,62424.1
213,d89d744d-a8c0-4943-b5a9-153683f85355,dd724a1f-5cde-4360-ae86-bdeec702086b,,btc_usdt|binance_future,binance_future,open,short,,,,,,,,,1728439380,1728439380,1728439380.015,filled,1728439380.01,1728439380.015,62304.2
214,61cc7e15-b6db-4980-b3ff-932bdc37a192,869254d7-785a-4ae1-afc6-b9a093203a1c,,btc_usdt|binance_future,binance_future,open,long,,,,,,,,,1728440100,1728440100,1728440100.015,filled,1728440100.01,1728440100.015,62292.7
215,61cc7e15-b6db-4980-b3ff-932bdc37a192,d2ef114d-aba7-469e-8774-9cd50f93f7cd,,btc_usdt|binance_future,binance_future,open,short,,,,,,,,,1728440220,1728440220,1728440220.015,filled,1728440220.01,1728440220.015,62265.0
216,5a7ad56f-f6ac-417b-9ba0-a4958bebf87a,3bfc9062-aa40-4a34-9830-c71fd92b7cba,,btc_usdt|binance_future,binance_future,open,long,,,,,,,,,1728440640,1728440640,1728440640.015,filled,1728440640.01,1728440640.015,62325.7
217,5a7ad56f-f6ac-417b-9ba0-a4958bebf87a,58695ef3-df95-4d6d-a462-b913ebcefaee,,btc_usdt|binance_future,binance_future,open,short,,,,,,,,,1728441000,1728441000,1728441000.015,filled,1728441000.01,1728441000.015,62278.9
218,c413b4b9-f386-4aca-a938-213dc4d8f8a3,beac9a0c-1d8e-49ea-8e18-7640e286272a,,btc_usdt|binance_future,binance_future,open,long,,,,,,,,,1728441660,1728441660,1728441660.015,filled,1728441660.01,1728441660.015,62294.5
219,c413b4b9-f386-4aca-a938-213dc4d8f8a3,8a7ba880-5fd5-444d-9e22-980a3056f670,,btc_usdt|binance_future,binance_future,open,short,,,,,,,,,1728442440,1728442440,1728442440.015,filled,1728442440.01,1728442440.015,62270.9
220,89a8d52a-c0b8-446b-89b9-b3fe1ade5c71,ad828949-8a1a-46d1-b2b9-917c0d1ce3aa,,btc_usdt|binance_future,binance_future,open,long,,,,,,,,,1728443160,1728443160,1728443160.015,filled,1728443160.01,1728443160.015,62218.1
221,89a8d52a-c0b8-446b-89b9-b3fe1ade5c71,abee4b97-1932-4fb6-8a47-adcc6eeb3821,,btc_usdt|binance_future,binance_future,open,short,,,,,,,,,1728443220,1728443220,1728443220.015,filled,1728443220.01,1728443220.015,62172.9
222,79a79c9c-a49a-4696-84e5-cdb2075b120d,6fca0b01-77b4-43f3-bbb2-397c48a816c9,,btc_usdt|binance_future,binance_future,open,long,,,,,,,,,1728444000,1728444000,1728444000.015,filled,1728444000.01,1728444000.015,62265.5
223,79a79c9c-a49a-4696-84e5-cdb2075b120d,68ee8312-8ba8-4aa1-9149-24d4c1d618f3,,btc_usdt|binance_future,binance_future,open,short,,,,,,,,,1728445860,1728445860,1728445860.015,filled,1728445860.01,1728445860.015,62322.9
224,f90a76b6-2deb-406f-9409-bec06cbabc15,cf339f2a-3e4a-4f94-b4b3-2b340d3c391c,,btc_usdt|binance_future,binance_future,open,long,,,,,,,,,1728446940,1728446940,1728446940.015,filled,1728446940.01,1728446940.015,62394.1
225,f90a76b6-2deb-406f-9409-bec06cbabc15,5cbcca6a-c79a-4ea3-b09b-1b42711d5991,,btc_usdt|binance_future,binance_future,open,short,,,,,,,,,1728447720,1728447720,1728447720.015,filled,1728447720.01,1728447720.015,62336.7
226,2dabb7fb-da44-46b7-b2cd-a395fb05440b,2d83043a-6080-48b4-b1f9-32021d83dddc,,btc_usdt|binance_future,binance_future,open,long,,,,,,,,,1728448320,1728448320,1728448320.015,filled,1728448320.01,1728448320.015,62369.9
227,2dabb7fb-da44-46b7-b2cd-a395fb05440b,0a75de56-cc2d-4131-be4e-1ff518a01398,,btc_usdt|binance_future,binance_future,open,short,,,,,,,,,1728449040,1728449040,1728449040.015,filled,1728449040.01,1728449040.015,62363.1
228,ce039572-ab71-4fcc-a6fc-a683119eb70d,de5ebb6c-3d32-4c23-8173-69e2809a47f9,,btc_usdt|binance_future,binance_future,open,long,,,,,,,,,1728449820,1728449820,1728449820.015,filled,1728449820.01,1728449820.015,62314.0
229,ce039572-ab71-4fcc-a6fc-a683119eb70d,bff042fb-98f2-4187-a0c5-1c1b936f22e4,,btc_usdt|binance_future,binance_future,open,short,,,,,,,,,1728450780,1728450780,1728450780.015,filled,1728450780.01,1728450780.015,62360.0
230,412d706b-c33c-4d5d-90a1-814cbd1252b0,36414727-ff40-4630-bdd4-615fbe658437,,btc_usdt|binance_future,binance_future,open,long,,,,,,,,,1728451080,1728451080,1728451080.015,filled,1728451080.01,1728451080.015,62395.0
231,412d706b-c33c-4d5d-90a1-814cbd1252b0,c31a0a25-953f-4425-b889-43dffaa82b9b,,btc_usdt|binance_future,binance_future,open,short,,,,,,,,,1728451860,1728451860,1728451860.015,filled,1728451860.01,1728451860.015,62394.9
232,b2a7e866-fe0d-4906-8d89-5ff29eadd471,bc295a56-7b23-45e9-b6fa-2c6dde923b32,,btc_usdt|binance_future,binance_future,open,long,,,,,,,,,1728452160,1728452160,1728452160.015,filled,1728452160.01,1728452160.015,62450.1
233,b2a7e866-fe0d-4906-8d89-5ff29eadd471,adba0e10-2a2b-4254-b60c-e1ca555959d6,,btc_usdt|binance_future,binance_future,open,short,,,,,,,,,1728452880,1728452880,1728452880.015,filled,1728452880.01,1728452880.015,62449.4
234,6aec6796-7e52-423e-9669-2894d0eaeba1,07ca21ac-31b9-4303-8851-f1b1a09aad1c,,btc_usdt|binance_future,binance_future,open,long,,,,,,,,,1728453180,1728453180,1728453180.015,filled,1728453180.01,1728453180.015,62470.2
235,6aec6796-7e52-423e-9669-2894d0eaeba1,b61e055c-4e91-4ede-ac10-8f109dc6bea9,,btc_usdt|binance_future,binance_future,open,short,,,,,,,,,1728454080,1728454080,1728454080.015,filled,1728454080.01,1728454080.015,62488.0
236,b89eeee6-f02e-4c22-9341-ef22d59d2194,2df57f0f-7a04-4f43-a130-1dfdd4f524e9,,btc_usdt|binance_future,binance_future,open,long,,,,,,,,,1728454560,1728454560,1728454560.015,filled,1728454560.01,1728454560.015,62508.6
237,b89eeee6-f02e-4c22-9341-ef22d59d2194,3219bd28-7441-409a-9625-8e26e7a851b1,,btc_usdt|binance_future,binance_future,open,short,,,,,,,,,1728454800,1728454800,1728454800.015,filled,1728454800.01,1728454800.015,62469.9
238,3fca697e-35b2-4023-bc1f-9fd74574de17,db850837-d791-40a0-8948-58199736b6db,,btc_usdt|binance_future,binance_future,open,long,,,,,,,,,1728455100,1728455100,1728455100.015,filled,1728455100.01,1728455100.015,62497.8
239,3fca697e-35b2-4023-bc1f-9fd74574de17,8aa067d0-44df-44a0-b9d6-9e65056c4702,,btc_usdt|binance_future,binance_future,open,short,,,,,,,,,1728455280,1728455280,1728455280.015,filled,1728455280.01,1728455280.015,62471.1
240,826cf154-a911-40d7-913c-3d7503584f65,2821999a-2d4c-4b46-ae0e-8cefdcb101e7,,btc_usdt|binance_future,binance_future,open,long,,,,,,,,,1728455400,1728455400,1728455400.015,filled,1728455400.01,1728455400.015,62478.8
241,826cf154-a911-40d7-913c-3d7503584f65,445cdea2-d546-4bc8-8941-37faf16fa4e4,,btc_usdt|binance_future,binance_future,open,short,,,,,,,,,1728455460,1728455460,1728455460.015,filled,1728455460.01,1728455460.015,62485.5
242,d8bb1b72-e936-419d-8d1a-2dc4d658a712,d61dbad7-6057-42db-87b3-ea8aa27764ba,,btc_usdt|binance_future,binance_future,open,long,,,,,,,,,1728456540,1728456540,1728456540.015,filled,1728456540.01,1728456540.015,62417.1
243,d8bb1b72-e936-419d-8d1a-2dc4d658a712,f8dd954a-2836-4bde-b9e2-3cf082a9728b,,btc_usdt|binance_future,binance_future,open,short,,,,,,,,,1728457200,1728457200,1728457200.015,filled,1728457200.01,1728457200.015,62405.0
244,7b250a1e-fa02-4630-8c82-a1279cdc415a,60f50496-e216-4b02-b39b-9f51fb9a87dd,,btc_usdt|binance_future,binance_future,open,long,,,,,,,,,1728459000,1728459000,1728459000.015,filled,1728459000.01,1728459000.015,62233.9
245,7b250a1e-fa02-4630-8c82-a1279cdc415a,abcfbae9-67d2-4c1c-b3e1-d66d4cfa2674,,btc_usdt|binance_future,binance_future,open,short,,,,,,,,,1728459960,1728459960,1728459960.015,filled,1728459960.01,1728459960.015,62229.0
246,062a5ac0-1f0d-4e45-aaee-d71fad4f609d,c4ced4a2-acad-43be-a145-549193e7503c,,btc_usdt|binance_future,binance_future,open,long,,,,,,,,,1728461820,1728461820,1728461820.015,filled,1728461820.01,1728461820.015,62200.1
247,062a5ac0-1f0d-4e45-aaee-d71fad4f609d,94541bc8-aef4-4435-b226-6d1c9bd9ba45,,btc_usdt|binance_future,binance_future,open,short,,,,,,,,,1728462180,1728462180,1728462180.015,filled,1728462180.01,1728462180.015,62130.1
248,bf7398f0-9b09-40d2-a3f1-75d7a8f560b6,f4d8c638-f176-4476-86db-379496d956af,,btc_usdt|binance_future,binance_future,open,long,,,,,,,,,1728463320,1728463320,1728463320.015,filled,1728463320.01,1728463320.015,62110.9
249,bf7398f0-9b09-40d2-a3f1-75d7a8f560b6,bc5093c6-0649-4db4-8395-e5a5f048ce49,,btc_usdt|binance_future,binance_future,open,short,,,,,,,,,1728463860,1728463860,1728463860.015,filled,1728463860.01,1728463860.015,62108.0
250,85208cbb-8997-451b-9ff0-1a882ff19831,a4a1b4f1-fa11-4b39-beac-5971a6fcadd0,,btc_usdt|binance_future,binance_future,open,long,,,,,,,,,1728464460,1728464460,1728464460.015,filled,1728464460.01,1728464460.015,62136.0
251,85208cbb-8997-451b-9ff0-1a882ff19831,5e6aea41-2d85-4e5b-a5f5-d071b3a5b675,,btc_usdt|binance_future,binance_future,open,short,,,,,,,,,1728465060,1728465060,1728465060.015,filled,1728465060.01,1728465060.015,62121.3
252,f126a38e-399a-496c-a8ee-440ef420df70,d5ff830f-4354-46aa-8b4e-017720af10a4,,btc_usdt|binance_future,binance_future,open,long,,,,,,,,,1728465720,1728465720,1728465720.015,filled,1728465720.01,1728465720.015,62186.9
253,f126a38e-399a-496c-a8ee-440ef420df70,04bd9a00-1d0f-48bc-8913-d08fd4bc34d6,,btc_usdt|binance_future,binance_future,open,short,,,,,,,,,1728466200,1728466200,1728466200.015,filled,1728466200.01,1728466200.015,62121.9
254,c4c17621-8c4a-414a-b07c-8ed29a111932,df6ab50a-3951-481b-8944-d8ae8885a1d3,,btc_usdt|binance_future,binance_future,open,long,,,,,,,,,1728466620,1728466620,1728466620.015,filled,1728466620.01,1728466620.015,62153.0
255,c4c17621-8c4a-414a-b07c-8ed29a111932,01cad413-55a3-41a8-8c5b-205aa78916c9,,btc_usdt|binance_future,binance_future,open,short,,,,,,,,,1728468300,1728468300,1728468300.015,filled,1728468300.01,1728468300.015,62229.3
256,7656c3a4-6d78-4829-b1dd-417d3bbc49ee,691b5cd1-c0d7-4e88-869c-1764d2208426,,btc_usdt|binance_future,binance_future,open,long,,,,,,,,,1728470640,1728470640,1728470640.015,filled,1728470640.01,1728470640.015,62071.8
257,7656c3a4-6d78-4829-b1dd-417d3bbc49ee,ef9686c9-b8f6-424f-a186-caf896e6bce6,,btc_usdt|binance_future,binance_future,open,short,,,,,,,,,1728471660,1728471660,1728471660.015,filled,1728471660.01,1728471660.015,62110.0
258,801335cd-5caf-4f53-91ed-5469c0bd1313,bde5e915-8202-4fdb-829b-897f57dabe64,,btc_usdt|binance_future,binance_future,open,long,,,,,,,,,1728472020,1728472020,1728472020.015,filled,1728472020.01,1728472020.015,62153.8
259,801335cd-5caf-4f53-91ed-5469c0bd1313,2225e480-e758-41dd-b78a-c44f33ae5fb2,,btc_usdt|binance_future,binance_future,open,short,,,,,,,,,1728472860,1728472860,1728472860.015,filled,1728472860.01,1728472860.015,62096.6
260,3ee2b89b-0a71-4a35-ae92-3cf371e96e78,1720f699-1163-4055-b793-3e6507351b1f,,btc_usdt|binance_future,binance_future,open,long,,,,,,,,,1728473520,1728473520,1728473520.015,filled,1728473520.01,1728473520.015,62142.0
261,3ee2b89b-0a71-4a35-ae92-3cf371e96e78,3aaedebc-9a83-442b-a592-3db6b40678a2,,btc_usdt|binance_future,binance_future,open,short,,,,,,,,,1728474120,1728474120,1728474120.015,filled,1728474120.01,1728474120.015,62126.8
262,f0d4b060-c9a1-4f68-bfcf-2f06c1911402,824f868b-f918-4bfa-8508-8c1a943bf38d,,btc_usdt|binance_future,binance_future,open,long,,,,,,,,,1728474420,1728474420,1728474420.015,filled,1728474420.01,1728474420.015,62169.9
263,f0d4b060-c9a1-4f68-bfcf-2f06c1911402,2929b91e-a203-4c12-9584-e42f949f34c5,,btc_usdt|binance_future,binance_future,open,short,,,,,,,,,1728475260,1728475260,1728475260.015,filled,1728475260.01,1728475260.015,62186.0
264,49f71d06-a77a-468c-b3b8-d40337e7938e,f88a5231-cc9b-48a5-98be-4c8895cdc177,,btc_usdt|binance_future,binance_future,open,long,,,,,,,,,1728475380,1728475380,1728475380.015,filled,1728475380.01,1728475380.015,62202.0
265,49f71d06-a77a-468c-b3b8-d40337e7938e,16074ccf-3575-42f0-896d-7be0de5da64f,,btc_usdt|binance_future,binance_future,open,short,,,,,,,,,1728475560,1728475560,1728475560.015,filled,1728475560.01,1728475560.015,62059.2
266,15e35c62-3a10-45ae-848a-5d69a84e051d,557d1d97-c129-42f1-97f2-760eba04798c,,btc_usdt|binance_future,binance_future,open,long,,,,,,,,,1728476400,1728476400,1728476400.015,filled,1728476400.01,1728476400.015,62119.0
267,15e35c62-3a10-45ae-848a-5d69a84e051d,f6962cbf-b21c-43b4-9751-4a57574c53cf,,btc_usdt|binance_future,binance_future,open,short,,,,,,,,,1728476640,1728476640,1728476640.015,filled,1728476640.01,1728476640.015,62052.1
268,8c342529-3526-4282-8137-a064c5ac7695,25d408e7-843f-4fc0-8b1a-fa0bbf799ed0,,btc_usdt|binance_future,binance_future,open,long,,,,,,,,,1728476940,1728476940,1728476940.015,filled,1728476940.01,1728476940.015,62115.4
269,8c342529-3526-4282-8137-a064c5ac7695,c3ab832d-5870-46ef-b75a-0896b451c8d7,,btc_usdt|binance_future,binance_future,open,short,,,,,,,,,1728477180,1728477180,1728477180.015,filled,1728477180.01,1728477180.015,62030.7
270,460bfaa5-d4ad-494b-b38c-b8536676d2e4,0729994f-b251-407a-a084-dbc2438ce375,,btc_usdt|binance_future,binance_future,open,long,,,,,,,,,1728478800,1728478800,1728478800.015,filled,1728478800.01,1728478800.015,61952.3
271,460bfaa5-d4ad-494b-b38c-b8536676d2e4,5118df5d-a610-4fc5-b715-a6706b1debc1,,btc_usdt|binance_future,binance_future,open,short,,,,,,,,,1728479400,1728479400,1728479400.015,filled,1728479400.01,1728479400.015,61822.5
272,bd509a11-6ecb-4f9f-8219-00b953bbe7b1,8986e63c-4d7f-4c7b-9cf4-a629fcb14e27,,btc_usdt|binance_future,binance_future,open,long,,,,,,,,,1728479760,1728479760,1728479760.015,filled,1728479760.01,1728479760.015,61900.1
273,bd509a11-6ecb-4f9f-8219-00b953bbe7b1,def9cf2d-b63f-4bb7-8bee-bf8bda86460d,,btc_usdt|binance_future,binance_future,open,short,,,,,,,,,1728480360,1728480360,1728480360.015,filled,1728480360.01,1728480360.015,61907.9
274,9d153e12-2caa-452b-83c2-89e087de0753,4245b62e-d9c0-4e5b-8b20-a76effec826a,,btc_usdt|binance_future,binance_future,open,long,,,,,,,,,1728621840,1728621840,1728621840.015,filled,1728621840.01,1728621840.015,60587.7
275,9d153e12-2caa-452b-83c2-89e087de0753,258b01a5-28de-45fa-856d-1689ecadcdee,,btc_usdt|binance_future,binance_future,open,short,,,,,,,,,1728623580,1728623580,1728623580.015,filled,1728623580.01,1728623580.015,60677.5
276,557e6f25-0ac0-4399-87ad-381a3d72847c,5f9f2989-9c7b-46b2-9bb5-8697eb7fc1c1,,btc_usdt|binance_future,binance_future,open,long,,,,,,,,,1728625020,1728625020,1728625020.015,filled,1728625020.01,1728625020.015,60590.1
277,557e6f25-0ac0-4399-87ad-381a3d72847c,82d83dc4-e249-4e02-a1ce-b13fedfce7f2,,btc_usdt|binance_future,binance_future,open,short,,,,,,,,,1728625620,1728625620,1728625620.015,filled,1728625620.01,1728625620.015,60561.4
278,ed8ad7fc-0ca4-4b3e-9a2d-b8251cbc4198,3533ea1a-20aa-4ac9-93eb-fb1805339246,,btc_usdt|binance_future,binance_future,open,long,,,,,,,,,1728626220,1728626220,1728626220.015,filled,1728626220.01,1728626220.015,60640.0
279,ed8ad7fc-0ca4-4b3e-9a2d-b8251cbc4198,99db8f87-e595-44dd-a213-9269e2de47b4,,btc_usdt|binance_future,binance_future,open,short,,,,,,,,,1728626640,1728626640,1728626640.015,filled,1728626640.01,1728626640.015,60599.1
280,eb27ccc9-2270-48e4-a339-a652a5b510bc,8aee3a46-0780-4b69-90cb-4aac8edcbc5f,,btc_usdt|binance_future,binance_future,open,long,,,,,,,,,1728627660,1728627660,1728627660.015,filled,1728627660.01,1728627660.015,60595.8
281,eb27ccc9-2270-48e4-a339-a652a5b510bc,691ad668-09f6-4076-98c7-55d99dbf4c62,,btc_usdt|binance_future,binance_future,open,short,,,,,,,,,1728629340,1728629340,1728629340.015,filled,1728629340.01,1728629340.015,60821.2
282,8ee6fe41-a4ce-4048-aafa-4eb6de05ea3f,b71641c7-8d5a-4030-b9ec-dbbd59115929,,btc_usdt|binance_future,binance_future,open,long,,,,,,,,,1728630360,1728630360,1728630360.015,filled,1728630360.01,1728630360.015,60805.3
283,8ee6fe41-a4ce-4048-aafa-4eb6de05ea3f,04a526a3-5a9f-465f-8495-164416341437,,btc_usdt|binance_future,binance_future,open,short,,,,,,,,,1728631020,1728631020,1728631020.015,filled,1728631020.01,1728631020.015,60785.9
284,260673a0-6b89-4b0a-9fa9-657c7576b36e,d0418e4f-bb54-4e49-8ffa-3854d9539e5b,,btc_usdt|binance_future,binance_future,open,long,,,,,,,,,1728632460,1728632460,1728632460.015,filled,1728632460.01,1728632460.015,60790.0
285,260673a0-6b89-4b0a-9fa9-657c7576b36e,d8f383d2-afe3-4a6e-be4b-3edf7356c5eb,,btc_usdt|binance_future,binance_future,open,short,,,,,,,,,1728632700,1728632700,1728632700.015,filled,1728632700.01,1728632700.015,60709.6
286,c0f1741b-fed7-48fa-8750-22f24d194c96,10c61265-4e9d-4cc9-a08c-8fa49442461d,,btc_usdt|binance_future,binance_future,open,long,,,,,,,,,1728633780,1728633780,1728633780.015,filled,1728633780.01,1728633780.015,60702.1
287,c0f1741b-fed7-48fa-8750-22f24d194c96,1fea7942-c6fd-4ee4-8153-1f0f95cedc51,,btc_usdt|binance_future,binance_future,open,short,,,,,,,,,1728634440,1728634440,1728634440.015,filled,1728634440.01,1728634440.015,60680.9
288,507dee59-bf9b-4e6d-a98b-fe9f6f94a52e,b94bd484-4204-4ab2-abea-b9f5994940cd,,btc_usdt|binance_future,binance_future,open,long,,,,,,,,,1728634680,1728634680,1728634680.015,filled,1728634680.01,1728634680.015,60766.1
289,507dee59-bf9b-4e6d-a98b-fe9f6f94a52e,3fc72d6d-8657-412d-9281-f8eaa7f20dd9,,btc_usdt|binance_future,binance_future,open,short,,,,,,,,,1728635220,1728635220,1728635220.015,filled,1728635220.01,1728635220.015,60700.0
290,6349ac85-82e4-47cd-afeb-320bab04e532,cc7a9fed-193a-4851-a7ab-2544db84adfa,,btc_usdt|binance_future,binance_future,open,long,,,,,,,,,1728636540,1728636540,1728636540.015,filled,1728636540.01,1728636540.015,60679.5
291,6349ac85-82e4-47cd-afeb-320bab04e532,c5119fc4-421f-44e1-8df6-cd82c0922e54,,btc_usdt|binance_future,binance_future,open,short,,,,,,,,,1728637260,1728637260,1728637260.015,filled,1728637260.01,1728637260.015,60647.8
292,f86030bf-87f7-4185-a28f-21756cd34574,3d0bb321-91d5-44f9-9ba0-b6f93c6f7260,,btc_usdt|binance_future,binance_future,open,long,,,,,,,,,1728637440,1728637440,1728637440.015,filled,1728637440.01,1728637440.015,60696.3
293,f86030bf-87f7-4185-a28f-21756cd34574,0b32185f-4930-4a4c-b37b-4951fd8ea612,,btc_usdt|binance_future,binance_future,open,short,,,,,,,,,1728638700,1728638700,1728638700.015,filled,1728638700.01,1728638700.015,60815.5
294,c20b5dba-c887-4614-9af4-914a346223ea,7bdc05ce-1b10-46ff-8071-19490db70182,,btc_usdt|binance_future,binance_future,open,long,,,,,,,,,1728639300,1728639300,1728639300.015,filled,1728639300.01,1728639300.015,60825.2
295,c20b5dba-c887-4614-9af4-914a346223ea,4937529c-14df-4004-8526-eb989be62f73,,btc_usdt|binance_future,binance_future,open,short,,,,,,,,,1728639540,1728639540,1728639540.015,filled,1728639540.01,1728639540.015,60799.9
296,2cdcdbc4-4c7d-41c9-9474-4d978c75fdf0,75df9691-59f7-4d61-99ca-08a912a97173,,btc_usdt|binance_future,binance_future,open,long,,,,,,,,,1728639900,1728639900,1728639900.015,filled,1728639900.01,1728639900.015,60831.1
297,2cdcdbc4-4c7d-41c9-9474-4d978c75fdf0,bde6b0d5-f5a0-4c62-83d2-0623505d2434,,btc_usdt|binance_future,binance_future,open,short,,,,,,,,,1728641580,1728641580,1728641580.015,filled,1728641580.01,1728641580.015,61084.6
298,fd12faab-49b8-4058-947c-2961dfb2d06a,eef5e3af-867b-4fbb-816c-9e7e72d42fd8,,btc_usdt|binance_future,binance_future,open,long,,,,,,,,,1728642000,1728642000,1728642000.015,filled,1728642000.01,1728642000.015,61196.2
299,fd12faab-49b8-4058-947c-2961dfb2d06a,84b26d0f-26a5-4363-8056-278c8e86ebc4,,btc_usdt|binance_future,binance_future,open,short,,,,,,,,,1728642360,1728642360,1728642360.015,filled,1728642360.01,1728642360.015,61056.6
300,2aeb501a-32f3-42ac-9d4d-c6311bcb6a5f,39fadfb5-e012-40b8-9d07-c33ec43df339,,btc_usdt|binance_future,binance_future,open,long,,,,,,,,,1728643080,1728643080,1728643080.015,filled,1728643080.01,1728643080.015,61044.9
301,2aeb501a-32f3-42ac-9d4d-c6311bcb6a5f,0fdc7104-c742-4134-9184-8b341727a711,,btc_usdt|binance_future,binance_future,open,short,,,,,,,,,1728643620,1728643620,1728643620.015,filled,1728643620.01,1728643620.015,61037.6
302,4278a41a-a03b-432c-9f5e-87c85440116d,282324d7-152f-4460-b360-6ba411a3e74b,,btc_usdt|binance_future,binance_future,open,long,,,,,,,,,1728644040,1728644040,1728644040.015,filled,1728644040.01,1728644040.015,61094.7
303,4278a41a-a03b-432c-9f5e-87c85440116d,db944e5c-4ed5-4b47-8f44-111c24c04eed,,btc_usdt|binance_future,binance_future,open,short,,,,,,,,,1728644880,1728644880,1728644880.015,filled,1728644880.01,1728644880.015,61076.3
304,b5cfb0d5-59e4-4772-818f-6d575e645531,d88fdae7-5c8b-4804-8794-df4e437b73c6,,btc_usdt|binance_future,binance_future,open,long,,,,,,,,,1728645660,1728645660,1728645660.015,filled,1728645660.01,1728645660.015,61090.3
305,b5cfb0d5-59e4-4772-818f-6d575e645531,c03c0705-6b39-48f1-b72e-55ff3bb81a52,,btc_usdt|binance_future,binance_future,open,short,,,,,,,,,1728647100,1728647100,1728647100.015,filled,1728647100.01,1728647100.015,61138.9
306,0b787f0e-8ec9-432d-8ea4-ac93a992be96,dae55ff8-ffda-4b05-b101-234d467637a2,,btc_usdt|binance_future,binance_future,open,long,,,,,,,,,1728647340,1728647340,1728647340.015,filled,1728647340.01,1728647340.015,61187.9
307,0b787f0e-8ec9-432d-8ea4-ac93a992be96,4f31c0df-9bcd-475d-a20a-1210da9dee6e,,btc_usdt|binance_future,binance_future,open,short,,,,,,,,,1728647940,1728647940,1728647940.015,filled,1728647940.01,1728647940.015,61143.8
308,753f96ce-2256-4bde-89f2-cc0d771577c3,fed59fd7-dfe4-4577-a2f2-bf36b557ed90,,btc_usdt|binance_future,binance_future,open,long,,,,,,,,,1728648540,1728648540,1728648540.015,filled,1728648540.01,1728648540.015,61202.9
309,753f96ce-2256-4bde-89f2-cc0d771577c3,9dd6b745-c22a-43eb-a806-2502d8497a65,,btc_usdt|binance_future,binance_future,open,short,,,,,,,,,1728649080,1728649080,1728649080.015,filled,1728649080.01,1728649080.015,61176.0
310,33598775-b8b7-4988-ab1c-6b855d5b64a5,7a72f40d-7ecf-425a-b722-fc12a10da874,,btc_usdt|binance_future,binance_future,open,long,,,,,,,,,1728649740,1728649740,1728649740.015,filled,1728649740.01,1728649740.015,61245.0
311,33598775-b8b7-4988-ab1c-6b855d5b64a5,1326c5d9-b159-47a9-a7b8-8660cd72950d,,btc_usdt|binance_future,binance_future,open,short,,,,,,,,,1728650460,1728650460,1728650460.015,filled,1728650460.01,1728650460.015,61137.6
312,581777f2-6001-4f6c-88be-603db0701cb4,ba95e2e1-6f54-45cc-bc77-abc173e9376d,,btc_usdt|binance_future,binance_future,open,long,,,,,,,,,1728651120,1728651120,1728651120.015,filled,1728651120.01,1728651120.015,61238.2
313,581777f2-6001-4f6c-88be-603db0701cb4,9fbbc56c-f8f5-434a-b8ee-b376878eaa09,,btc_usdt|binance_future,binance_future,open,short,,,,,,,,,1728652380,1728652380,1728652380.015,filled,1728652380.01,1728652380.015,61298.8
314,1fec09e2-b05a-4f10-8e65-e5ffb17f4aac,a8f35dbb-8886-4817-9eeb-200fe9743a51,,btc_usdt|binance_future,binance_future,open,long,,,,,,,,,1728653100,1728653100,1728653100.015,filled,1728653100.01,1728653100.015,61339.0
315,1fec09e2-b05a-4f10-8e65-e5ffb17f4aac,7c524b26-c68f-4855-9eef-aca8cc612f93,,btc_usdt|binance_future,binance_future,open,short,,,,,,,,,1728654180,1728654180,1728654180.015,filled,1728654180.01,1728654180.015,61571.6
316,0cfc50d7-c748-49f8-b8f6-5e2d7bc13a88,66b7de88-6fc1-4ce9-bfbe-c0dcca6505ba,,btc_usdt|binance_future,binance_future,open,long,,,,,,,,,1728654720,1728654720,1728654720.015,filled,1728654720.01,1728654720.015,61619.3
317,0cfc50d7-c748-49f8-b8f6-5e2d7bc13a88,57c16cfc-5cba-4405-8d7a-d15d5770a937,,btc_usdt|binance_future,binance_future,open,short,,,,,,,,,1728656580,1728656580,1728656580.015,filled,1728656580.01,1728656580.015,61792.4
318,16a8c845-ae37-4252-abd7-cfa4ea8fe813,6b4c7294-fd94-4294-b740-f9cf0766acc1,,btc_usdt|binance_future,binance_future,open,long,,,,,,,,,1728656880,1728656880,1728656880.015,filled,1728656880.01,1728656880.015,61792.1
319,16a8c845-ae37-4252-abd7-cfa4ea8fe813,eca87812-20e5-4922-8fa2-0844039990c7,,btc_usdt|binance_future,binance_future,open,short,,,,,,,,,1728656940,1728656940,1728656940.015,filled,1728656940.01,1728656940.015,61806.4
320,9d9a6a45-e191-4127-b871-3ae2ea2ba9c7,903134e6-b8cd-45c3-9d02-0353f9845027,,btc_usdt|binance_future,binance_future,open,long,,,,,,,,,1728657540,1728657540,1728657540.015,filled,1728657540.01,1728657540.015,61795.9
321,9d9a6a45-e191-4127-b871-3ae2ea2ba9c7,a8d8ef5b-7d34-4dc3-9dce-1cd879c5ae88,,btc_usdt|binance_future,binance_future,open,short,,,,,,,,,1728657960,1728657960,1728657960.015,filled,1728657960.01,1728657960.015,61653.7
322,e5d2e959-da0a-4102-b9af-01777460f6b9,68ff1639-d4ee-4b53-b9ad-785ef88bffba,,btc_usdt|binance_future,binance_future,open,long,,,,,,,,,1728658500,1728658500,1728658500.015,filled,1728658500.01,1728658500.015,61749.0
323,e5d2e959-da0a-4102-b9af-01777460f6b9,37597591-f719-4137-85f6-471baf95b1a5,,btc_usdt|binance_future,binance_future,open,short,,,,,,,,,1728660300,1728660300,1728660300.015,filled,1728660300.01,1728660300.015,62032.0
324,482f256c-c800-4b3e-bd5d-6e7868dc7b62,6e1cdba2-ef06-49d8-864c-5ed1cdaeb23c,,btc_usdt|binance_future,binance_future,open,long,,,,,,,,,1728661620,1728661620,1728661620.015,filled,1728661620.01,1728661620.015,62060.0
325,482f256c-c800-4b3e-bd5d-6e7868dc7b62,75f1543b-1086-422e-9849-69ab24d5323f,,btc_usdt|binance_future,binance_future,open,short,,,,,,,,,1728662820,1728662820,1728662820.015,filled,1728662820.01,1728662820.015,62182.6
326,bea0e080-80e2-4b6c-af43-7d5861698ffe,bc500fc0-bef6-4f65-b999-ce21af0d1bcb,,btc_usdt|binance_future,binance_future,open,long,,,,,,,,,1728664080,1728664080,1728664080.015,filled,1728664080.01,1728664080.015,62221.7
327,bea0e080-80e2-4b6c-af43-7d5861698ffe,9ca70a63-a97e-444f-96fe-0c1dd039242a,,btc_usdt|binance_future,binance_future,open,short,,,,,,,,,1728665400,1728665400,1728665400.015,filled,1728665400.01,1728665400.015,62219.9
328,d4010e96-d646-4423-affe-322e92460721,683c4883-1ecc-4694-9cc6-46ba56f849c4,,btc_usdt|binance_future,binance_future,open,long,,,,,,,,,1728666060,1728666060,1728666060.015,filled,1728666060.01,1728666060.015,62254.6
329,d4010e96-d646-4423-affe-322e92460721,700d609a-4cf6-4cd9-bd86-b1babea71fdb,,btc_usdt|binance_future,binance_future,open,short,,,,,,,,,1728666660,1728666660,1728666660.015,filled,1728666660.01,1728666660.015,62199.1
330,5906d51b-2271-4307-afb0-f2f6dfc831fe,416a93bf-0324-4f65-9dcc-174e62242bf6,,btc_usdt|binance_future,binance_future,open,long,,,,,,,,,1728667320,1728667320,1728667320.015,filled,1728667320.01,1728667320.015,62251.6
331,5906d51b-2271-4307-afb0-f2f6dfc831fe,c006979b-bb8b-4bba-81e2-a2259663e2ad,,btc_usdt|binance_future,binance_future,open,short,,,,,,,,,1728669120,1728669120,1728669120.015,filled,1728669120.01,1728669120.015,62719.9
332,f925f8ee-514c-4e5d-b9af-205dd709af94,9039ff0b-943a-45e8-8fcc-7dfae2d002eb,,btc_usdt|binance_future,binance_future,open,long,,,,,,,,,1728669240,1728669240,1728669240.015,filled,1728669240.01,1728669240.015,62779.0
333,f925f8ee-514c-4e5d-b9af-205dd709af94,dcc75a72-b77d-43a4-b591-5397f5893be7,,btc_usdt|binance_future,binance_future,open,short,,,,,,,,,1728670080,1728670080,1728670080.015,filled,1728670080.01,1728670080.015,62806.3
334,ee173c0c-d0cf-4f79-9198-03b40e9d675d,b08e72cd-c5db-4216-affb-29d5cff3b2dc,,btc_usdt|binance_future,binance_future,open,long,,,,,,,,,1728671400,1728671400,1728671400.015,filled,1728671400.01,1728671400.015,62704.2
335,ee173c0c-d0cf-4f79-9198-03b40e9d675d,79c619d4-3f8f-4987-9ff8-a88718ff2618,,btc_usdt|binance_future,binance_future,open,short,,,,,,,,,1728672600,1728672600,1728672600.015,filled,1728672600.01,1728672600.015,62765.5
336,2afae0e5-504a-41b9-89a4-5560aee06cdc,972db298-8ef2-452c-a15b-e4d2ff9ef053,,btc_usdt|binance_future,binance_future,open,long,,,,,,,,,1728672960,1728672960,1728672960.015,filled,1728672960.01,1728672960.015,62841.5
337,2afae0e5-504a-41b9-89a4-5560aee06cdc,57129961-eb35-4ce4-967d-696b8334bb3d,,btc_usdt|binance_future,binance_future,open,short,,,,,,,,,1728674340,1728674340,1728674340.015,filled,1728674340.01,1728674340.015,63183.7
338,6b0c7c4c-b1bb-4410-93de-f1e92cde3ce5,7173e714-8299-4655-bf9d-8779498689d3,,btc_usdt|binance_future,binance_future,open,long,,,,,,,,,1728675780,1728675780,1728675780.015,filled,1728675780.01,1728675780.015,62941.6
339,6b0c7c4c-b1bb-4410-93de-f1e92cde3ce5,56dcaea1-7742-40ea-8c70-fcb7aa72633c,,btc_usdt|binance_future,binance_future,open,short,,,,,,,,,1728676320,1728676320,1728676320.015,filled,1728676320.01,1728676320.015,62901.0
340,50b73a35-556c-4dc8-a6b5-5e522621a2a3,c8fdcf79-d479-43d7-8e84-9316d16cc68a,,btc_usdt|binance_future,binance_future,open,long,,,,,,,,,1728676680,1728676680,1728676680.015,filled,1728676680.01,1728676680.015,62990.7
341,50b73a35-556c-4dc8-a6b5-5e522621a2a3,8e31acad-7cf4-4f34-84ee-6e9857f52cd0,,btc_usdt|binance_future,binance_future,open,short,,,,,,,,,1728677340,1728677340,1728677340.015,filled,1728677340.01,1728677340.015,62935.1
342,7eeaa7a6-a31a-450f-8307-86f625870085,69b95d72-16b7-4f7c-b983-139fa1b16712,,btc_usdt|binance_future,binance_future,open,long,,,,,,,,,1728678300,1728678300,1728678300.015,filled,1728678300.01,1728678300.015,62952.1
343,7eeaa7a6-a31a-450f-8307-86f625870085,a12aa35c-0c31-44f0-95b4-4606a1c06e32,,btc_usdt|binance_future,binance_future,open,short,,,,,,,,,1728678840,1728678840,1728678840.015,filled,1728678840.01,1728678840.015,62933.5
344,9cbb8509-5976-41c2-9f1f-abbb4c71eb7e,9defb56e-0968-4f96-80b2-1dcbee29bb90,,btc_usdt|binance_future,binance_future,open,long,,,,,,,,,1728679020,1728679020,1728679020.015,filled,1728679020.01,1728679020.015,62971.8
345,9cbb8509-5976-41c2-9f1f-abbb4c71eb7e,ba3edb6c-e9c9-4edb-888b-b63bcb2ba0e2,,btc_usdt|binance_future,binance_future,open,short,,,,,,,,,1728679680,1728679680,1728679680.015,filled,1728679680.01,1728679680.015,62955.6
346,b6082ec1-7b96-4fec-b059-2ead0fc8e0d7,52f4c6dd-cafa-4c57-9fb1-3d29eb56900a,,btc_usdt|binance_future,binance_future,open,long,,,,,,,,,1728679980,1728679980,1728679980.015,filled,1728679980.01,1728679980.015,62979.5
347,b6082ec1-7b96-4fec-b059-2ead0fc8e0d7,45a35dce-c891-46f8-a6ee-66978b581e7b,,btc_usdt|binance_future,binance_future,open,short,,,,,,,,,1728680220,1728680220,1728680220.015,filled,1728680220.01,1728680220.015,63006.9
348,47f901b8-a29b-4ad8-9187-e395b06099df,0093dc50-9584-4b9f-9a34-1d5011c01754,,btc_usdt|binance_future,binance_future,open,long,,,,,,,,,1728680280,1728680280,1728680280.015,filled,1728680280.01,1728680280.015,63001.4
349,47f901b8-a29b-4ad8-9187-e395b06099df,80b5287c-89b3-44b3-9277-6fefaedc6810,,btc_usdt|binance_future,binance_future,open,short,,,,,,,,,1728681300,1728681300,1728681300.015,filled,1728681300.01,1728681300.015,63009.4
350,8795e124-3bfc-4077-b27d-d5083041fd97,4be02983-24e6-44fc-856a-2b71081c2920,,btc_usdt|binance_future,binance_future,open,long,,,,,,,,,1728682020,1728682020,1728682020.015,filled,1728682020.01,1728682020.015,63027.1
351,8795e124-3bfc-4077-b27d-d5083041fd97,30d71ace-7886-4f1b-95d1-c971b4808421,,btc_usdt|binance_future,binance_future,open,short,,,,,,,,,1728682800,1728682800,1728682800.015,filled,1728682800.01,1728682800.015,62994.4
352,5d629ba6-48a2-46f7-847b-4f299af0f4d6,16c4d575-8557-44f8-bb33-0da768593373,,btc_usdt|binance_future,binance_future,open,long,,,,,,,,,1728686100,1728686100,1728686100.015,filled,1728686100.01,1728686100.015,62550.0
353,5d629ba6-48a2-46f7-847b-4f299af0f4d6,67bd00e6-ac61-4388-84a9-13bc4d37f316,,btc_usdt|binance_future,binance_future,open,short,,,,,,,,,1728686400,1728686400,1728686400.015,filled,1728686400.01,1728686400.015,62361.9
354,3960b180-098b-4ff2-9393-fddb3442d2d9,ca4dab62-cd5a-4b74-85f3-923d4d4d8ef5,,btc_usdt|binance_future,binance_future,open,long,,,,,,,,,1728687060,1728687060,1728687060.015,filled,1728687060.01,1728687060.015,62483.4
355,3960b180-098b-4ff2-9393-fddb3442d2d9,11adcbe7-2dbb-42f7-8711-d23d831f2b6a,,btc_usdt|binance_future,binance_future,open,short,,,,,,,,,1728687540,1728687540,1728687540.015,filled,1728687540.01,1728687540.015,62409.8
356,b42c5ae2-8af1-499a-a987-58673873fc18,404ece62-5d60-4bba-80d8-be6f6e36ac26,,btc_usdt|binance_future,binance_future,open,long,,,,,,,,,1728688080,1728688080,1728688080.015,filled,1728688080.01,1728688080.015,62477.5
357,b42c5ae2-8af1-499a-a987-58673873fc18,5c38a9bf-ee6c-4984-b285-34acfaebe00e,,btc_usdt|binance_future,binance_future,open,short,,,,,,,,,1728688980,1728688980,1728688980.015,filled,1728688980.01,1728688980.015,62530.0
358,2f2e9de4-0500-4be5-b315-2e16acf9cf56,1a93c243-b26c-4248-979d-6d3718c8622b,,btc_usdt|binance_future,binance_future,open,long,,,,,,,,,1728689640,1728689640,1728689640.015,filled,1728689640.01,1728689640.015,62520.8
359,2f2e9de4-0500-4be5-b315-2e16acf9cf56,e83a7278-484a-413e-abdd-1f6b8d0dbd7e,,btc_usdt|binance_future,binance_future,open,short,,,,,,,,,1728690060,1728690060,1728690060.015,filled,1728690060.01,1728690060.015,62458.0
360,09cb9de9-ad7e-47f8-af7a-472876d85f9d,0aeaf95f-11d8-465b-8beb-384641500dfa,,btc_usdt|binance_future,binance_future,open,long,,,,,,,,,1728691080,1728691080,1728691080.015,filled,1728691080.01,1728691080.015,62415.0
361,09cb9de9-ad7e-47f8-af7a-472876d85f9d,2b96f71c-3530-4f99-a08f-519b0f2f2309,,btc_usdt|binance_future,binance_future,open,short,,,,,,,,,1728693660,1728693660,1728693660.015,filled,1728693660.01,1728693660.015,62675.0
362,e0c973b5-9764-4cde-8642-a804e7e9c995,78d68188-97b8-42c3-bdca-af5982f10442,,btc_usdt|binance_future,binance_future,open,long,,,,,,,,,1728694740,1728694740,1728694740.015,filled,1728694740.01,1728694740.015,62856.0
363,e0c973b5-9764-4cde-8642-a804e7e9c995,ccd55ff6-a211-4a20-aa90-299d3279a180,,btc_usdt|binance_future,binance_future,open,short,,,,,,,,,1728695580,1728695580,1728695580.015,filled,1728695580.01,1728695580.015,62805.9
364,5bc440c1-5b1c-48dd-bc4a-124fd96fe24b,519596eb-3f96-4a2c-b68a-69b57f597434,,btc_usdt|binance_future,binance_future,open,long,,,,,,,,,1728696300,1728696300,1728696300.015,filled,1728696300.01,1728696300.015,62852.4
365,5bc440c1-5b1c-48dd-bc4a-124fd96fe24b,9d3f56a8-6543-4c65-ad19-148e8e61e1af,,btc_usdt|binance_future,binance_future,open,short,,,,,,,,,1728697080,1728697080,1728697080.015,filled,1728697080.01,1728697080.015,62800.4
366,2507cce4-57aa-4d1d-a78b-06c376b553a6,ca3fd67b-7b66-4067-b550-aa5bdfc10ad7,,btc_usdt|binance_future,binance_future,open,long,,,,,,,,,1728698700,1728698700,1728698700.015,filled,1728698700.01,1728698700.015,62703.0
367,2507cce4-57aa-4d1d-a78b-06c376b553a6,d9aed5d0-49ae-4d85-b777-63f2547e694c,,btc_usdt|binance_future,binance_future,open,short,,,,,,,,,1728699000,1728699000,1728699000.015,filled,1728699000.01,1728699000.015,62671.6
368,1b2f4f25-c3af-45cc-b0bb-0389fbcf26f7,d150ff1f-4cf3-46e0-a8e1-fb41ff70cf9e,,btc_usdt|binance_future,binance_future,open,long,,,,,,,,,1728701160,1728701160,1728701160.015,filled,1728701160.01,1728701160.015,62603.3
369,1b2f4f25-c3af-45cc-b0bb-0389fbcf26f7,5d1731be-1978-48c0-a65c-22499734cb57,,btc_usdt|binance_future,binance_future,open,short,,,,,,,,,1728701400,1728701400,1728701400.015,filled,1728701400.01,1728701400.015,62558.4
370,9207b5d5-aeda-4cbb-afd7-dfe045ad5cb4,4d96480d-4547-4a55-b88a-ed5ff2f5113f,,btc_usdt|binance_future,binance_future,open,long,,,,,,,,,1728702240,1728702240,1728702240.015,filled,1728702240.01,1728702240.015,62573.0
371,9207b5d5-aeda-4cbb-afd7-dfe045ad5cb4,8846da14-6153-4eff-8efb-9b80b52e85ba,,btc_usdt|binance_future,binance_future,open,short,,,,,,,,,1728703020,1728703020,1728703020.015,filled,1728703020.01,1728703020.015,62605.4
372,8419078b-6173-42b4-b447-603436927dc1,d981bfb9-8ec3-400e-b233-26da4766386b,,btc_usdt|binance_future,binance_future,open,long,,,,,,,,,1728703080,1728703080,1728703080.015,filled,1728703080.01,1728703080.015,62602.4
373,8419078b-6173-42b4-b447-603436927dc1,368c1489-f623-4417-90af-b7c9fcbbb66f,,btc_usdt|binance_future,binance_future,open,short,,,,,,,,,1728703260,1728703260,1728703260.015,filled,1728703260.01,1728703260.015,62500.0
